"train/epoch","20250524-191100-clumsy-tern-70 - _step","20250524-191100-clumsy-tern-70 - _step__MIN","20250524-191100-clumsy-tern-70 - _step__MAX","20250524-191100-clumsy-tern-70 - eval/prefs/confident_correct","20250524-191100-clumsy-tern-70 - eval/prefs/confident_correct__MIN","20250524-191100-clumsy-tern-70 - eval/prefs/confident_correct__MAX","20250524-191100-clumsy-tern-70 - eval/prefs/ambiguous","20250524-191100-clumsy-tern-70 - eval/prefs/ambiguous__MIN","20250524-191100-clumsy-tern-70 - eval/prefs/ambiguous__MAX","20250524-191100-clumsy-tern-70 - eval/prefs/confident_incorrect","20250524-191100-clumsy-tern-70 - eval/prefs/confident_incorrect__MIN","20250524-191100-clumsy-tern-70 - eval/prefs/confident_incorrect__MAX","20250522-143316-indecisive-worm-398 - _step","20250522-143316-indecisive-worm-398 - _step__MIN","20250522-143316-indecisive-worm-398 - _step__MAX","20250522-143316-indecisive-worm-398 - eval/prefs/confident_correct","20250522-143316-indecisive-worm-398 - eval/prefs/confident_correct__MIN","20250522-143316-indecisive-worm-398 - eval/prefs/confident_correct__MAX","20250522-143316-indecisive-worm-398 - eval/prefs/ambiguous","20250522-143316-indecisive-worm-398 - eval/prefs/ambiguous__MIN","20250522-143316-indecisive-worm-398 - eval/prefs/ambiguous__MAX","20250522-143316-indecisive-worm-398 - eval/prefs/confident_incorrect","20250522-143316-indecisive-worm-398 - eval/prefs/confident_incorrect__MIN","20250522-143316-indecisive-worm-398 - eval/prefs/confident_incorrect__MAX","20250522-093557-glamorous-mink-111 - _step","20250522-093557-glamorous-mink-111 - _step__MIN","20250522-093557-glamorous-mink-111 - _step__MAX","20250522-093557-glamorous-mink-111 - eval/prefs/confident_correct","20250522-093557-glamorous-mink-111 - eval/prefs/confident_correct__MIN","20250522-093557-glamorous-mink-111 - eval/prefs/confident_correct__MAX","20250522-093557-glamorous-mink-111 - eval/prefs/ambiguous","20250522-093557-glamorous-mink-111 - eval/prefs/ambiguous__MIN","20250522-093557-glamorous-mink-111 - eval/prefs/ambiguous__MAX","20250522-093557-glamorous-mink-111 - eval/prefs/confident_incorrect","20250522-093557-glamorous-mink-111 - eval/prefs/confident_incorrect__MIN","20250522-093557-glamorous-mink-111 - eval/prefs/confident_incorrect__MAX","20250520-205242-sincere-goose-909 - _step","20250520-205242-sincere-goose-909 - _step__MIN","20250520-205242-sincere-goose-909 - _step__MAX","20250520-205242-sincere-goose-909 - eval/prefs/confident_correct","20250520-205242-sincere-goose-909 - eval/prefs/confident_correct__MIN","20250520-205242-sincere-goose-909 - eval/prefs/confident_correct__MAX","20250520-205242-sincere-goose-909 - eval/prefs/ambiguous","20250520-205242-sincere-goose-909 - eval/prefs/ambiguous__MIN","20250520-205242-sincere-goose-909 - eval/prefs/ambiguous__MAX","20250520-205242-sincere-goose-909 - eval/prefs/confident_incorrect","20250520-205242-sincere-goose-909 - eval/prefs/confident_incorrect__MIN","20250520-205242-sincere-goose-909 - eval/prefs/confident_incorrect__MAX"
"0.04016477857878476","","","","","","","","","","","","","","","","","","","","","","","","","","","","","","","","","","","","","20","20","20","0","0","0","1","1","1","0","0","0"
"0.08032955715756952","","","","","","","","","","","","","","","","","","","","","","","","","","","","","","","","","","","","","42","42","42","0.01171875","0.01171875","0.01171875","0.98828125","0.98828125","0.98828125","0","0","0"
"0.12049433573635428","","","","","","","","","","","","","","","","","","","","","","","","","","","","","","","","","","","","","63","63","63","0.0234375","0.0234375","0.0234375","0.96875","0.96875","0.96875","0.0078125","0.0078125","0.0078125"
"0.16065911431513905","","","","","","","","","","","","","","","","","","","","","","","","","","","","","","","","","","","","","85","85","85","0.046875","0.046875","0.046875","0.9453125","0.9453125","0.9453125","0.0078125","0.0078125","0.0078125"
"0.2008238928939238","","","","","","","","","","","","","","","","","","","","","","","","","","","","","","","","","","","","","106","106","106","0.07421875","0.07421875","0.07421875","0.90625","0.90625","0.90625","0.01953125","0.01953125","0.01953125"
"0.24098867147270855","","","","","","","","","","","","","","","","","","","","","","","","","","","","","","","","","","","","","128","128","128","0.12109375","0.12109375","0.12109375","0.859375","0.859375","0.859375","0.01953125","0.01953125","0.01953125"
"0.2811534500514933","","","","","","","","","","","","","","","","","","","","","","","","","","","","","","","","","","","","","149","149","149","0.15234375","0.15234375","0.15234375","0.83203125","0.83203125","0.83203125","0.015625","0.015625","0.015625"
"0.3213182286302781","","","","","","","","","","","","","","","","","","","","","","","","","","","","","","","","","","","","","171","171","171","0.14453125","0.14453125","0.14453125","0.84375","0.84375","0.84375","0.01171875","0.01171875","0.01171875"
"0.36148300720906285","","","","","","","","","","","","","","","","","","","","","","","","","","","","","","","","","","","","","192","192","192","0.1328125","0.1328125","0.1328125","0.84765625","0.84765625","0.84765625","0.01953125","0.01953125","0.01953125"
"0.4016477857878476","","","","","","","","","","","","","","","","","","","","","","","","","","","","","","","","","","","","","214","214","214","0.1796875","0.1796875","0.1796875","0.796875","0.796875","0.796875","0.0234375","0.0234375","0.0234375"
"0.44181256436663235","","","","","","","","","","","","","","","","","","","","","","","","","","","","","","","","","","","","","235","235","235","0.18359375","0.18359375","0.18359375","0.7890625","0.7890625","0.7890625","0.02734375","0.02734375","0.02734375"
"0.4819773429454171","","","","","","","","","","","","","","","","","","","","","","","","","","","","","","","","","","","","","257","257","257","0.203125","0.203125","0.203125","0.77734375","0.77734375","0.77734375","0.01953125","0.01953125","0.01953125"
"0.5221421215242018","","","","","","","","","","","","","","","","","","","","","","","","","","","","","","","","","","","","","278","278","278","0.2109375","0.2109375","0.2109375","0.75390625","0.75390625","0.75390625","0.03515625","0.03515625","0.03515625"
"0.5623069001029866","","","","","","","","","","","","","","","","","","","","","","","","","","","","","","","","","","","","","300","300","300","0.2578125","0.2578125","0.2578125","0.703125","0.703125","0.703125","0.0390625","0.0390625","0.0390625"
"0.6024716786817713","","","","","","","","","","","","","","","","","","","","","","","","","","","","","","","","","","","","","321","321","321","0.23046875","0.23046875","0.23046875","0.71484375","0.71484375","0.71484375","0.0546875","0.0546875","0.0546875"
"0.6426364572605562","","","","","","","","","","","","","","","","","","","","","","","","","","","","","","","","","","","","","343","343","343","0.27734375","0.27734375","0.27734375","0.67578125","0.67578125","0.67578125","0.046875","0.046875","0.046875"
"0.6828012358393409","","","","","","","","","","","","","","","","","","","","","","","","","","","","","","","","","","","","","364","364","364","0.28515625","0.28515625","0.28515625","0.671875","0.671875","0.671875","0.04296875","0.04296875","0.04296875"
"0.7229660144181257","","","","","","","","","","","","","","","","","","","","","","","","","","","","","","","","","","","","","386","386","386","0.296875","0.296875","0.296875","0.65234375","0.65234375","0.65234375","0.05078125","0.05078125","0.05078125"
"0.7631307929969104","","","","","","","","","","","","","","","","","","","","","","","","","","","","","","","","","","","","","407","407","407","0.26171875","0.26171875","0.26171875","0.6953125","0.6953125","0.6953125","0.04296875","0.04296875","0.04296875"
"0.8032955715756952","","","","","","","","","","","","","","","","","","","","","","","","","","","","","","","","","","","","","429","429","429","0.30078125","0.30078125","0.30078125","0.65234375","0.65234375","0.65234375","0.046875","0.046875","0.046875"
"0.84346035015448","","","","","","","","","","","","","","","","","","","","","","","","","","","","","","","","","","","","","450","450","450","0.265625","0.265625","0.265625","0.67578125","0.67578125","0.67578125","0.05859375","0.05859375","0.05859375"
"0.8836251287332647","","","","","","","","","","","","","","","","","","","","","","","","","","","","","","","","","","","","","472","472","472","0.25390625","0.25390625","0.25390625","0.6953125","0.6953125","0.6953125","0.05078125","0.05078125","0.05078125"
"0.9237899073120495","","","","","","","","","","","","","","","","","","","","","","","","","","","","","","","","","","","","","493","493","493","0.2421875","0.2421875","0.2421875","0.67578125","0.67578125","0.67578125","0.08203125","0.08203125","0.08203125"
"0.9639546858908342","","","","","","","","","","","","","","","","","","","","","","","","","","","","","","","","","","","","","515","515","515","0.23828125","0.23828125","0.23828125","0.7109375","0.7109375","0.7109375","0.05078125","0.05078125","0.05078125"
"1.004119464469619","","","","","","","","","","","","","","","","","","","","","","","","","","","","","","","","","","","","","536","536","536","0.21484375","0.21484375","0.21484375","0.7265625","0.7265625","0.7265625","0.05859375","0.05859375","0.05859375"
"1.0442842430484036","","","","","","","","","","","","","","","","","","","","","","","","","","","","","","","","","","","","","558","558","558","0.27734375","0.27734375","0.27734375","0.6875","0.6875","0.6875","0.03515625","0.03515625","0.03515625"
"1.0844490216271885","","","","","","","","","","","","","","","","","","","","","","","","","","","","","","","","","","","","","579","579","579","0.28515625","0.28515625","0.28515625","0.6640625","0.6640625","0.6640625","0.05078125","0.05078125","0.05078125"
"1.1246138002059731","","","","","","","","","","","","","","","","","","","","","","","","","","","","","","","","","","","","","601","601","601","0.328125","0.328125","0.328125","0.61328125","0.61328125","0.61328125","0.05859375","0.05859375","0.05859375"
"1.164778578784758","","","","","","","","","","","","","","","","","","","","","","","","","","","","","","","","","","","","","622","622","622","0.25390625","0.25390625","0.25390625","0.67578125","0.67578125","0.67578125","0.0703125","0.0703125","0.0703125"
"1.2049433573635429","","","","","","","","","","","","","","","","","","","","","","","","","","","","","","","","","","","","","644","644","644","0.30859375","0.30859375","0.30859375","0.62109375","0.62109375","0.62109375","0.0703125","0.0703125","0.0703125"
"1.2451081359423275","","","","","","","","","","","","","","","","","","","","","","","","","","","","","","","","","","","","","665","665","665","0.32421875","0.32421875","0.32421875","0.59765625","0.59765625","0.59765625","0.078125","0.078125","0.078125"
"1.2852729145211121","","","","","","","","","","","","","","","","","","","","","","","","","","","","","","","","","","","","","687","687","687","0.30859375","0.30859375","0.30859375","0.6328125","0.6328125","0.6328125","0.05859375","0.05859375","0.05859375"
"1.325437693099897","","","","","","","","","","","","","","","","","","","","","","","","","","","","","","","","","","","","","708","708","708","0.26171875","0.26171875","0.26171875","0.6640625","0.6640625","0.6640625","0.07421875","0.07421875","0.07421875"
"1.3656024716786819","","","","","","","","","","","","","","","","","","","","","","","","","","","","","","","","","","","","","730","730","730","0.2890625","0.2890625","0.2890625","0.64453125","0.64453125","0.64453125","0.06640625","0.06640625","0.06640625"
"1.4057672502574665","","","","","","","","","","","","","","","","","","","","","","","","","","","","","","","","","","","","","751","751","751","0.3203125","0.3203125","0.3203125","0.6171875","0.6171875","0.6171875","0.0625","0.0625","0.0625"
"1.4459320288362512","","","","","","","","","","","","","","","","","","","","","","","","","","","","","","","","","","","","","773","773","773","0.31640625","0.31640625","0.31640625","0.6171875","0.6171875","0.6171875","0.06640625","0.06640625","0.06640625"
"1.486096807415036","","","","","","","","","","","","","","","","","","","","","","","","","","","","","","","","","","","","","794","794","794","0.359375","0.359375","0.359375","0.58203125","0.58203125","0.58203125","0.05859375","0.05859375","0.05859375"
"1.526261585993821","","","","","","","","","","","","","","","","","","","","","","","","","","","","","","","","","","","","","816","816","816","0.3203125","0.3203125","0.3203125","0.609375","0.609375","0.609375","0.0703125","0.0703125","0.0703125"
"1.5664263645726055","","","","","","","","","","","","","","","","","","","","","","","","","","","","","","","","","","","","","885","837","933","0.36328125","0.359375","0.3671875","0.580078125","0.57421875","0.5859375","0.056640625","0.0546875","0.05859375"
"1.6065911431513902","","","","","","","","","","","","","","","","","","","","","","","","","","","","","","","","","","","","","907","859","955","0.359375","0.359375","0.359375","0.583984375","0.58203125","0.5859375","0.056640625","0.0546875","0.05859375"
"1.646755921730175","","","","","","","","","","","","","","","","","","","","","","","","","","","","","","","","","","","","","928","880","976","0.3359375","0.328125","0.34375","0.60546875","0.59765625","0.61328125","0.05859375","0.05859375","0.05859375"
"1.68692070030896","","","","","","","","","","","","","","","","","","","","","","","","","","","","","","","","","","","","","950","902","998","0.345703125","0.34375","0.34765625","0.611328125","0.609375","0.61328125","0.04296875","0.04296875","0.04296875"
"1.7270854788877446","","","","","","","","","","","","","","","","","","","","","","","","","","","","","","","","","","","","","1019","1019","1019","0.3359375","0.3359375","0.3359375","0.59375","0.59375","0.59375","0.0703125","0.0703125","0.0703125"
"1.7672502574665292","","","","","","","","","","","","","","","","","","","","","","","","","","","","","","","","","","","","","1041","1041","1041","0.3203125","0.3203125","0.3203125","0.609375","0.609375","0.609375","0.0703125","0.0703125","0.0703125"
"1.807415036045314","","","","","","","","","","","","","","","","","","","","","","","","","","","","","","","","","","","","","1062","1062","1062","0.3203125","0.3203125","0.3203125","0.58203125","0.58203125","0.58203125","0.09765625","0.09765625","0.09765625"
"1.847579814624099","","","","","","","","","","","","","","","","","","","","","","","","","","","","","","","","","","","","","1084","1084","1084","0.296875","0.296875","0.296875","0.625","0.625","0.625","0.078125","0.078125","0.078125"
"1.8877445932028838","","","","","","","","","","","","","","","","","","","","","","","","","","","","","","","","","","","","","1105","1105","1105","0.390625","0.390625","0.390625","0.53125","0.53125","0.53125","0.078125","0.078125","0.078125"
"1.9279093717816684","","","","","","","","","","","","","","","","","","","","","","","","","","","","","","","","","","","","","1127","1127","1127","0.359375","0.359375","0.359375","0.5625","0.5625","0.5625","0.078125","0.078125","0.078125"
"1.968074150360453","","","","","","","","","","","","","","","","","","","","","","","","","","","","","","","","","","","","","1148","1148","1148","0.38671875","0.38671875","0.38671875","0.53515625","0.53515625","0.53515625","0.078125","0.078125","0.078125"
"2.008238928939238","","","","","","","","","","","","","","","","","","","","","","","","","5","5","5","0.29296875","0.29296875","0.29296875","0.62109375","0.62109375","0.62109375","0.0859375","0.0859375","0.0859375","","","","","","","","","","","",""
"2.048403707518023","","","","","","","","","","","","","","","","","","","","","","","","","26","26","26","0.3671875","0.3671875","0.3671875","0.546875","0.546875","0.546875","0.0859375","0.0859375","0.0859375","","","","","","","","","","","",""
"2.0885684860968072","","","","","","","","","","","","","","","","","","","","","","","","","48","48","48","0.36328125","0.36328125","0.36328125","0.5703125","0.5703125","0.5703125","0.06640625","0.06640625","0.06640625","","","","","","","","","","","",""
"2.128733264675592","","","","","","","","","","","","","","","","","","","","","","","","","69","69","69","0.4140625","0.4140625","0.4140625","0.5078125","0.5078125","0.5078125","0.078125","0.078125","0.078125","","","","","","","","","","","",""
"2.168898043254377","","","","","","","","","","","","","","","","","","","","","","","","","91","91","91","0.33984375","0.33984375","0.33984375","0.57421875","0.57421875","0.57421875","0.0859375","0.0859375","0.0859375","","","","","","","","","","","",""
"2.209062821833162","","","","","","","","","","","","","","","","","","","","","","","","","112","112","112","0.37109375","0.37109375","0.37109375","0.54296875","0.54296875","0.54296875","0.0859375","0.0859375","0.0859375","","","","","","","","","","","",""
"2.2492276004119462","","","","","","","","","","","","","","","","","","","","","","","","","134","134","134","0.390625","0.390625","0.390625","0.54296875","0.54296875","0.54296875","0.06640625","0.06640625","0.06640625","","","","","","","","","","","",""
"2.289392378990731","","","","","","","","","","","","","","","","","","","","","","","","","155","155","155","0.4609375","0.4609375","0.4609375","0.484375","0.484375","0.484375","0.0546875","0.0546875","0.0546875","","","","","","","","","","","",""
"2.329557157569516","","","","","","","","","","","","","","","","","","","","","","","","","177","177","177","0.38671875","0.38671875","0.38671875","0.5234375","0.5234375","0.5234375","0.08984375","0.08984375","0.08984375","","","","","","","","","","","",""
"2.369721936148301","","","","","","","","","","","","","","","","","","","","","","","","","198","198","198","0.38671875","0.38671875","0.38671875","0.52734375","0.52734375","0.52734375","0.0859375","0.0859375","0.0859375","","","","","","","","","","","",""
"2.4098867147270857","","","","","","","","","","","","","","","","","","","","","","","","","220","220","220","0.3515625","0.3515625","0.3515625","0.5625","0.5625","0.5625","0.0859375","0.0859375","0.0859375","","","","","","","","","","","",""
"2.45005149330587","","","","","","","","","","","","","","","","","","","","","","","","","241","241","241","0.44140625","0.44140625","0.44140625","0.4921875","0.4921875","0.4921875","0.06640625","0.06640625","0.06640625","","","","","","","","","","","",""
"2.490216271884655","","","","","","","","","","","","","","","","","","","","","","","","","263","263","263","0.38671875","0.38671875","0.38671875","0.5546875","0.5546875","0.5546875","0.05859375","0.05859375","0.05859375","","","","","","","","","","","",""
"2.53038105046344","","","","","","","","","","","","","","","","","","","","","","","","","284","284","284","0.3828125","0.3828125","0.3828125","0.53515625","0.53515625","0.53515625","0.08203125","0.08203125","0.08203125","","","","","","","","","","","",""
"2.5705458290422243","","","","","","","","","","","","","","","","","","","","","","","","","306","306","306","0.41796875","0.41796875","0.41796875","0.515625","0.515625","0.515625","0.06640625","0.06640625","0.06640625","","","","","","","","","","","",""
"2.610710607621009","","","","","","","","","","","","","","","","","","","","","","","","","327","327","327","0.37109375","0.37109375","0.37109375","0.5625","0.5625","0.5625","0.06640625","0.06640625","0.06640625","","","","","","","","","","","",""
"2.650875386199794","","","","","","","","","","","","","","","","","","","","","","","","","349","349","349","0.3828125","0.3828125","0.3828125","0.53515625","0.53515625","0.53515625","0.08203125","0.08203125","0.08203125","","","","","","","","","","","",""
"2.691040164778579","","","","","","","","","","","","","","","","","","","","","","","","","370","370","370","0.4921875","0.4921875","0.4921875","0.4453125","0.4453125","0.4453125","0.0625","0.0625","0.0625","","","","","","","","","","","",""
"2.7312049433573637","","","","","","","","","","","","","","","","","","","","","","","","","392","392","392","0.41015625","0.41015625","0.41015625","0.53515625","0.53515625","0.53515625","0.0546875","0.0546875","0.0546875","","","","","","","","","","","",""
"2.771369721936148","","","","","","","","","","","","","","","","","","","","","","","","","413","413","413","0.41015625","0.41015625","0.41015625","0.52734375","0.52734375","0.52734375","0.0625","0.0625","0.0625","","","","","","","","","","","",""
"2.811534500514933","","","","","","","","","","","","","","","","","","","","","","","","","435","435","435","0.38671875","0.38671875","0.38671875","0.53125","0.53125","0.53125","0.08203125","0.08203125","0.08203125","","","","","","","","","","","",""
"2.851699279093718","","","","","","","","","","","","","","","","","","","","","","","","","456","456","456","0.41796875","0.41796875","0.41796875","0.51953125","0.51953125","0.51953125","0.0625","0.0625","0.0625","","","","","","","","","","","",""
"2.8918640576725023","","","","","","","","","","","","","","","","","","","","","","","","","478","478","478","0.3828125","0.3828125","0.3828125","0.55078125","0.55078125","0.55078125","0.06640625","0.06640625","0.06640625","","","","","","","","","","","",""
"2.932028836251287","","","","","","","","","","","","","","","","","","","","","","","","","499","499","499","0.39453125","0.39453125","0.39453125","0.54296875","0.54296875","0.54296875","0.0625","0.0625","0.0625","","","","","","","","","","","",""
"2.972193614830072","","","","","","","","","","","","","","","","","","","","","","","","","521","521","521","0.4296875","0.4296875","0.4296875","0.4921875","0.4921875","0.4921875","0.078125","0.078125","0.078125","","","","","","","","","","","",""
"3.012358393408857","","","","","","","","","","","","","","","","","","","","","","","","","542","542","542","0.40234375","0.40234375","0.40234375","0.53125","0.53125","0.53125","0.06640625","0.06640625","0.06640625","","","","","","","","","","","",""
"3.052523171987642","","","","","","","","","","","","","","","","","","","","","","","","","564","564","564","0.4296875","0.4296875","0.4296875","0.5078125","0.5078125","0.5078125","0.0625","0.0625","0.0625","","","","","","","","","","","",""
"3.092687950566426","","","","","","","","","","","","","","","","","","","","","","","","","585","585","585","0.41015625","0.41015625","0.41015625","0.50390625","0.50390625","0.50390625","0.0859375","0.0859375","0.0859375","","","","","","","","","","","",""
"3.132852729145211","","","","","","","","","","","","","","","","","","","","","","","","","607","607","607","0.4609375","0.4609375","0.4609375","0.4765625","0.4765625","0.4765625","0.0625","0.0625","0.0625","","","","","","","","","","","",""
"3.173017507723996","","","","","","","","","","","","","","","","","","","","","","","","","628","628","628","0.39453125","0.39453125","0.39453125","0.5234375","0.5234375","0.5234375","0.08203125","0.08203125","0.08203125","","","","","","","","","","","",""
"3.213182286302781","","","","","","","","","","","","","","","","","","","","","","","","","650","650","650","0.46875","0.46875","0.46875","0.4453125","0.4453125","0.4453125","0.0859375","0.0859375","0.0859375","","","","","","","","","","","",""
"3.253347064881565","","","","","","","","","","","","","","","","","","","","","","","","","671","671","671","0.4453125","0.4453125","0.4453125","0.47265625","0.47265625","0.47265625","0.08203125","0.08203125","0.08203125","","","","","","","","","","","",""
"3.29351184346035","","","","","","","","","","","","","","","","","","","","","","","","","693","693","693","0.4765625","0.4765625","0.4765625","0.453125","0.453125","0.453125","0.0703125","0.0703125","0.0703125","","","","","","","","","","","",""
"3.333676622039135","","","","","","","","","","","","","","","","","","","","","","","","","714","714","714","0.48046875","0.48046875","0.48046875","0.45703125","0.45703125","0.45703125","0.0625","0.0625","0.0625","","","","","","","","","","","",""
"3.37384140061792","","","","","","","","","","","","","","","","","","","","","","","","","736","736","736","0.4921875","0.4921875","0.4921875","0.43359375","0.43359375","0.43359375","0.07421875","0.07421875","0.07421875","","","","","","","","","","","",""
"3.4140061791967042","","","","","","","","","","","","","","","","","","","","","","","","","757","757","757","0.51953125","0.51953125","0.51953125","0.40625","0.40625","0.40625","0.07421875","0.07421875","0.07421875","","","","","","","","","","","",""
"3.454170957775489","","","","","","","","","","","","","","","","","","","","","","","","","779","779","779","0.48828125","0.48828125","0.48828125","0.4375","0.4375","0.4375","0.07421875","0.07421875","0.07421875","","","","","","","","","","","",""
"3.494335736354274","","","","","","","","","","","","","","","","","","","","","","","","","800","800","800","0.4921875","0.4921875","0.4921875","0.42578125","0.42578125","0.42578125","0.08203125","0.08203125","0.08203125","","","","","","","","","","","",""
"3.534500514933059","","","","","","","","","","","","","","","","","","","","","","","","","822","822","822","0.4765625","0.4765625","0.4765625","0.44921875","0.44921875","0.44921875","0.07421875","0.07421875","0.07421875","","","","","","","","","","","",""
"3.5746652935118437","","","","","","","","","","","","","","","","","","","","","","","","","843","843","843","0.45703125","0.45703125","0.45703125","0.45703125","0.45703125","0.45703125","0.0859375","0.0859375","0.0859375","","","","","","","","","","","",""
"3.614830072090628","","","","","","","","","","","","","","","","","","","","","","","","","899.5","865","934","0.42578125","0.421875","0.4296875","0.498046875","0.4921875","0.50390625","0.076171875","0.07421875","0.078125","","","","","","","","","","","",""
"3.654994850669413","","","","","","","","","","","","","","","","","","","","","","","","","920.5","886","955","0.505859375","0.4921875","0.51953125","0.419921875","0.40625","0.43359375","0.07421875","0.07421875","0.07421875","","","","","","","","","","","",""
"3.695159629248198","","","","","","","","","","","","","","","","","","","","","","","","","942.5","908","977","0.466796875","0.46484375","0.46875","0.453125","0.44921875","0.45703125","0.080078125","0.07421875","0.0859375","","","","","","","","","","","",""
"3.7353244078269823","","","","","","","","","","","","","","","","","","","","","","","","","998","998","998","0.4765625","0.4765625","0.4765625","0.453125","0.453125","0.453125","0.0703125","0.0703125","0.0703125","","","","","","","","","","","",""
"3.775489186405767","","","","","","","","","","","","","","","","","","","","","","","","","1020","1020","1020","0.4609375","0.4609375","0.4609375","0.4609375","0.4609375","0.4609375","0.078125","0.078125","0.078125","","","","","","","","","","","",""
"3.815653964984552","","","","","","","","","","","","","","","","","","","","","","","","","1041","1041","1041","0.4921875","0.4921875","0.4921875","0.44140625","0.44140625","0.44140625","0.06640625","0.06640625","0.06640625","","","","","","","","","","","",""
"3.855818743563337","","","","","","","","","","","","","","","","","","","","","","","","","1063","1063","1063","0.47265625","0.47265625","0.47265625","0.453125","0.453125","0.453125","0.07421875","0.07421875","0.07421875","","","","","","","","","","","",""
"3.8959835221421217","","","","","","","","","","","","","","","","","","","","","","","","","1084","1084","1084","0.4921875","0.4921875","0.4921875","0.4296875","0.4296875","0.4296875","0.078125","0.078125","0.078125","","","","","","","","","","","",""
"3.936148300720906","","","","","","","","","","","","","","","","","","","","","","","","","1106","1106","1106","0.50390625","0.50390625","0.50390625","0.41796875","0.41796875","0.41796875","0.078125","0.078125","0.078125","","","","","","","","","","","",""
"3.976313079299691","","","","","","","","","","","","","","","","","","","","","","","","","1127","1127","1127","0.453125","0.453125","0.453125","0.46484375","0.46484375","0.46484375","0.08203125","0.08203125","0.08203125","","","","","","","","","","","",""
"4.016477857878476","","","","","","","","","","","","","9","9","9","0.4453125","0.4453125","0.4453125","0.48828125","0.48828125","0.48828125","0.06640625","0.06640625","0.06640625","","","","","","","","","","","","","","","","","","","","","","","",""
"4.05664263645726","","","","","","","","","","","","","30","30","30","0.4375","0.4375","0.4375","0.46875","0.46875","0.46875","0.09375","0.09375","0.09375","","","","","","","","","","","","","","","","","","","","","","","",""
"4.096807415036046","","","","","","","","","","","","","52","52","52","0.51171875","0.51171875","0.51171875","0.421875","0.421875","0.421875","0.06640625","0.06640625","0.06640625","","","","","","","","","","","","","","","","","","","","","","","",""
"4.13697219361483","","","","","","","","","","","","","73","73","73","0.46875","0.46875","0.46875","0.453125","0.453125","0.453125","0.078125","0.078125","0.078125","","","","","","","","","","","","","","","","","","","","","","","",""
"4.1771369721936145","","","","","","","","","","","","","95","95","95","0.47265625","0.47265625","0.47265625","0.45703125","0.45703125","0.45703125","0.0703125","0.0703125","0.0703125","","","","","","","","","","","","","","","","","","","","","","","",""
"4.2173017507724","","","","","","","","","","","","","116","116","116","0.4921875","0.4921875","0.4921875","0.43359375","0.43359375","0.43359375","0.07421875","0.07421875","0.07421875","","","","","","","","","","","","","","","","","","","","","","","",""
"4.257466529351184","","","","","","","","","","","","","138","138","138","0.484375","0.484375","0.484375","0.45703125","0.45703125","0.45703125","0.05859375","0.05859375","0.05859375","","","","","","","","","","","","","","","","","","","","","","","",""
"4.2976313079299695","","","","","","","","","","","","","159","159","159","0.50390625","0.50390625","0.50390625","0.421875","0.421875","0.421875","0.07421875","0.07421875","0.07421875","","","","","","","","","","","","","","","","","","","","","","","",""
"4.337796086508754","","","","","","","","","","","","","181","181","181","0.48828125","0.48828125","0.48828125","0.421875","0.421875","0.421875","0.08984375","0.08984375","0.08984375","","","","","","","","","","","","","","","","","","","","","","","",""
"4.377960865087538","","","","","","","","","","","","","202","202","202","0.5","0.5","0.5","0.4140625","0.4140625","0.4140625","0.0859375","0.0859375","0.0859375","","","","","","","","","","","","","","","","","","","","","","","",""
"4.418125643666324","","","","","","","","","","","","","224","224","224","0.4921875","0.4921875","0.4921875","0.421875","0.421875","0.421875","0.0859375","0.0859375","0.0859375","","","","","","","","","","","","","","","","","","","","","","","",""
"4.458290422245108","","","","","","","","","","","","","245","245","245","0.484375","0.484375","0.484375","0.44140625","0.44140625","0.44140625","0.07421875","0.07421875","0.07421875","","","","","","","","","","","","","","","","","","","","","","","",""
"4.4984552008238925","","","","","","","","","","","","","267","267","267","0.515625","0.515625","0.515625","0.41015625","0.41015625","0.41015625","0.07421875","0.07421875","0.07421875","","","","","","","","","","","","","","","","","","","","","","","",""
"4.538619979402678","","","","","","","","","","","","","288","288","288","0.54296875","0.54296875","0.54296875","0.3828125","0.3828125","0.3828125","0.07421875","0.07421875","0.07421875","","","","","","","","","","","","","","","","","","","","","","","",""
"4.578784757981462","","","","","","","","","","","","","310","310","310","0.51171875","0.51171875","0.51171875","0.38671875","0.38671875","0.38671875","0.1015625","0.1015625","0.1015625","","","","","","","","","","","","","","","","","","","","","","","",""
"4.6189495365602475","","","","","","","","","","","","","331","331","331","0.51953125","0.51953125","0.51953125","0.40625","0.40625","0.40625","0.07421875","0.07421875","0.07421875","","","","","","","","","","","","","","","","","","","","","","","",""
"4.659114315139032","","","","","","","","","","","","","353","353","353","0.52734375","0.52734375","0.52734375","0.3984375","0.3984375","0.3984375","0.07421875","0.07421875","0.07421875","","","","","","","","","","","","","","","","","","","","","","","",""
"4.699279093717816","","","","","","","","","","","","","374","374","374","0.4921875","0.4921875","0.4921875","0.4140625","0.4140625","0.4140625","0.09375","0.09375","0.09375","","","","","","","","","","","","","","","","","","","","","","","",""
"4.739443872296602","","","","","","","","","","","","","396","396","396","0.53125","0.53125","0.53125","0.375","0.375","0.375","0.09375","0.09375","0.09375","","","","","","","","","","","","","","","","","","","","","","","",""
"4.779608650875386","","","","","","","","","","","","","417","417","417","0.51171875","0.51171875","0.51171875","0.421875","0.421875","0.421875","0.06640625","0.06640625","0.06640625","","","","","","","","","","","","","","","","","","","","","","","",""
"4.819773429454171","","","","","","","","","","","","","439","439","439","0.54296875","0.54296875","0.54296875","0.375","0.375","0.375","0.08203125","0.08203125","0.08203125","","","","","","","","","","","","","","","","","","","","","","","",""
"4.859938208032956","","","","","","","","","","","","","460","460","460","0.58203125","0.58203125","0.58203125","0.33984375","0.33984375","0.33984375","0.078125","0.078125","0.078125","","","","","","","","","","","","","","","","","","","","","","","",""
"4.90010298661174","","","","","","","","","","","","","482","482","482","0.52734375","0.52734375","0.52734375","0.38671875","0.38671875","0.38671875","0.0859375","0.0859375","0.0859375","","","","","","","","","","","","","","","","","","","","","","","",""
"4.940267765190526","","","","","","","","","","","","","503","503","503","0.58203125","0.58203125","0.58203125","0.31640625","0.31640625","0.31640625","0.1015625","0.1015625","0.1015625","","","","","","","","","","","","","","","","","","","","","","","",""
"4.98043254376931","","","","","","","","","","","","","525","525","525","0.52734375","0.52734375","0.52734375","0.390625","0.390625","0.390625","0.08203125","0.08203125","0.08203125","","","","","","","","","","","","","","","","","","","","","","","",""
"5.020597322348094","","","","","","","","","","","","","546","546","546","0.56640625","0.56640625","0.56640625","0.34375","0.34375","0.34375","0.08984375","0.08984375","0.08984375","","","","","","","","","","","","","","","","","","","","","","","",""
"5.06076210092688","","","","","","","","","","","","","568","568","568","0.5703125","0.5703125","0.5703125","0.3515625","0.3515625","0.3515625","0.078125","0.078125","0.078125","","","","","","","","","","","","","","","","","","","","","","","",""
"5.100926879505664","","","","","","","","","","","","","589","589","589","0.57421875","0.57421875","0.57421875","0.3359375","0.3359375","0.3359375","0.08984375","0.08984375","0.08984375","","","","","","","","","","","","","","","","","","","","","","","",""
"5.141091658084449","","","","","","","","","","","","","611","611","611","0.59375","0.59375","0.59375","0.328125","0.328125","0.328125","0.078125","0.078125","0.078125","","","","","","","","","","","","","","","","","","","","","","","",""
"5.181256436663234","","","","","","","","","","","","","632","632","632","0.59375","0.59375","0.59375","0.32421875","0.32421875","0.32421875","0.08203125","0.08203125","0.08203125","","","","","","","","","","","","","","","","","","","","","","","",""
"5.221421215242018","","","","","","","","","","","","","654","654","654","0.578125","0.578125","0.578125","0.3359375","0.3359375","0.3359375","0.0859375","0.0859375","0.0859375","","","","","","","","","","","","","","","","","","","","","","","",""
"5.261585993820804","","","","","","","","","","","","","675","675","675","0.58984375","0.58984375","0.58984375","0.32421875","0.32421875","0.32421875","0.0859375","0.0859375","0.0859375","","","","","","","","","","","","","","","","","","","","","","","",""
"5.301750772399588","","","","","","","","","","","","","697","697","697","0.57421875","0.57421875","0.57421875","0.35546875","0.35546875","0.35546875","0.0703125","0.0703125","0.0703125","","","","","","","","","","","","","","","","","","","","","","","",""
"5.3419155509783725","","","","","","","","","","","","","718","718","718","0.5703125","0.5703125","0.5703125","0.3515625","0.3515625","0.3515625","0.078125","0.078125","0.078125","","","","","","","","","","","","","","","","","","","","","","","",""
"5.382080329557158","","","","","","","","","","","","","740","740","740","0.58203125","0.58203125","0.58203125","0.33203125","0.33203125","0.33203125","0.0859375","0.0859375","0.0859375","","","","","","","","","","","","","","","","","","","","","","","",""
"5.422245108135942","","","","","","","","","","","","","761","761","761","0.5859375","0.5859375","0.5859375","0.34375","0.34375","0.34375","0.0703125","0.0703125","0.0703125","","","","","","","","","","","","","","","","","","","","","","","",""
"5.4624098867147275","","","","","","","","","","","","","783","783","783","0.5703125","0.5703125","0.5703125","0.34375","0.34375","0.34375","0.0859375","0.0859375","0.0859375","","","","","","","","","","","","","","","","","","","","","","","",""
"5.502574665293512","","","","","","","","","","","","","804","804","804","0.625","0.625","0.625","0.29296875","0.29296875","0.29296875","0.08203125","0.08203125","0.08203125","","","","","","","","","","","","","","","","","","","","","","","",""
"5.542739443872296","","","","","","","","","","","","","826","826","826","0.56640625","0.56640625","0.56640625","0.3515625","0.3515625","0.3515625","0.08203125","0.08203125","0.08203125","","","","","","","","","","","","","","","","","","","","","","","",""
"5.582904222451082","","","","","","","","","","","","","847","847","847","0.55859375","0.55859375","0.55859375","0.35546875","0.35546875","0.35546875","0.0859375","0.0859375","0.0859375","","","","","","","","","","","","","","","","","","","","","","","",""
"5.623069001029866","","","","","","","","","","","","","869","869","869","0.57421875","0.57421875","0.57421875","0.35546875","0.35546875","0.35546875","0.0703125","0.0703125","0.0703125","","","","","","","","","","","","","","","","","","","","","","","",""
"5.663233779608651","","","","","","","","","","","","","890","890","890","0.58203125","0.58203125","0.58203125","0.34375","0.34375","0.34375","0.07421875","0.07421875","0.07421875","","","","","","","","","","","","","","","","","","","","","","","",""
"5.703398558187436","","","","","","","","","","","","","925","925","925","0.5859375","0.5859375","0.5859375","0.33984375","0.33984375","0.33984375","0.07421875","0.07421875","0.07421875","","","","","","","","","","","","","","","","","","","","","","","",""
"5.74356333676622","","","","","","","","","","","","","946","946","946","0.59765625","0.59765625","0.59765625","0.32421875","0.32421875","0.32421875","0.078125","0.078125","0.078125","","","","","","","","","","","","","","","","","","","","","","","",""
"5.7837281153450055","","","","","","","","","","","","","968","968","968","0.5546875","0.5546875","0.5546875","0.37109375","0.37109375","0.37109375","0.07421875","0.07421875","0.07421875","","","","","","","","","","","","","","","","","","","","","","","",""
"5.82389289392379","","","","","","","","","","","","","989","989","989","0.5546875","0.5546875","0.5546875","0.37109375","0.37109375","0.37109375","0.07421875","0.07421875","0.07421875","","","","","","","","","","","","","","","","","","","","","","","",""
"5.864057672502574","","","","","","","","","","","","","1011","1011","1011","0.6015625","0.6015625","0.6015625","0.30859375","0.30859375","0.30859375","0.08984375","0.08984375","0.08984375","","","","","","","","","","","","","","","","","","","","","","","",""
"5.90422245108136","","","","","","","","","","","","","1032","1032","1032","0.55859375","0.55859375","0.55859375","0.33984375","0.33984375","0.33984375","0.1015625","0.1015625","0.1015625","","","","","","","","","","","","","","","","","","","","","","","",""
"5.944387229660144","","","","","","","","","","","","","1054","1054","1054","0.578125","0.578125","0.578125","0.31640625","0.31640625","0.31640625","0.10546875","0.10546875","0.10546875","","","","","","","","","","","","","","","","","","","","","","","",""
"5.9845520082389285","","","","","","","","","","","","","1075","1075","1075","0.59765625","0.59765625","0.59765625","0.3125","0.3125","0.3125","0.08984375","0.08984375","0.08984375","","","","","","","","","","","","","","","","","","","","","","","",""
"6.024716786817714","13","13","13","0.59375","0.59375","0.59375","0.32421875","0.32421875","0.32421875","0.08203125","0.08203125","0.08203125","","","","","","","","","","","","","","","","","","","","","","","","","","","","","","","","","","","",""
"6.064881565396498","34","34","34","0.63671875","0.63671875","0.63671875","0.2734375","0.2734375","0.2734375","0.08984375","0.08984375","0.08984375","","","","","","","","","","","","","","","","","","","","","","","","","","","","","","","","","","","",""
"6.105046343975284","56","56","56","0.63671875","0.63671875","0.63671875","0.27734375","0.27734375","0.27734375","0.0859375","0.0859375","0.0859375","","","","","","","","","","","","","","","","","","","","","","","","","","","","","","","","","","","",""
"6.145211122554068","77","77","77","0.59375","0.59375","0.59375","0.3203125","0.3203125","0.3203125","0.0859375","0.0859375","0.0859375","","","","","","","","","","","","","","","","","","","","","","","","","","","","","","","","","","","",""
"6.185375901132852","99","99","99","0.62109375","0.62109375","0.62109375","0.296875","0.296875","0.296875","0.08203125","0.08203125","0.08203125","","","","","","","","","","","","","","","","","","","","","","","","","","","","","","","","","","","",""
"6.225540679711638","120","120","120","0.62890625","0.62890625","0.62890625","0.2734375","0.2734375","0.2734375","0.09765625","0.09765625","0.09765625","","","","","","","","","","","","","","","","","","","","","","","","","","","","","","","","","","","",""
"6.265705458290422","142","142","142","0.6015625","0.6015625","0.6015625","0.32421875","0.32421875","0.32421875","0.07421875","0.07421875","0.07421875","","","","","","","","","","","","","","","","","","","","","","","","","","","","","","","","","","","",""
"6.3058702368692074","163","163","163","0.58984375","0.58984375","0.58984375","0.32421875","0.32421875","0.32421875","0.0859375","0.0859375","0.0859375","","","","","","","","","","","","","","","","","","","","","","","","","","","","","","","","","","","",""
"6.346035015447992","185","185","185","0.625","0.625","0.625","0.2890625","0.2890625","0.2890625","0.0859375","0.0859375","0.0859375","","","","","","","","","","","","","","","","","","","","","","","","","","","","","","","","","","","",""
"6.386199794026776","206","206","206","0.625","0.625","0.625","0.28515625","0.28515625","0.28515625","0.08984375","0.08984375","0.08984375","","","","","","","","","","","","","","","","","","","","","","","","","","","","","","","","","","","",""
"6.426364572605562","228","228","228","0.58984375","0.58984375","0.58984375","0.31640625","0.31640625","0.31640625","0.09375","0.09375","0.09375","","","","","","","","","","","","","","","","","","","","","","","","","","","","","","","","","","","",""
"6.466529351184346","249","249","249","0.6328125","0.6328125","0.6328125","0.28125","0.28125","0.28125","0.0859375","0.0859375","0.0859375","","","","","","","","","","","","","","","","","","","","","","","","","","","","","","","","","","","",""
"6.50669412976313","271","271","271","0.60546875","0.60546875","0.60546875","0.3125","0.3125","0.3125","0.08203125","0.08203125","0.08203125","","","","","","","","","","","","","","","","","","","","","","","","","","","","","","","","","","","",""
"6.546858908341916","292","292","292","0.57421875","0.57421875","0.57421875","0.32421875","0.32421875","0.32421875","0.1015625","0.1015625","0.1015625","","","","","","","","","","","","","","","","","","","","","","","","","","","","","","","","","","","",""
"6.5870236869207","314","314","314","0.6015625","0.6015625","0.6015625","0.32421875","0.32421875","0.32421875","0.07421875","0.07421875","0.07421875","","","","","","","","","","","","","","","","","","","","","","","","","","","","","","","","","","","",""
"6.627188465499485","335","335","335","0.60546875","0.60546875","0.60546875","0.296875","0.296875","0.296875","0.09765625","0.09765625","0.09765625","","","","","","","","","","","","","","","","","","","","","","","","","","","","","","","","","","","",""
"6.66735324407827","357","357","357","0.6015625","0.6015625","0.6015625","0.3125","0.3125","0.3125","0.0859375","0.0859375","0.0859375","","","","","","","","","","","","","","","","","","","","","","","","","","","","","","","","","","","",""
"6.707518022657054","378","378","378","0.609375","0.609375","0.609375","0.30078125","0.30078125","0.30078125","0.08984375","0.08984375","0.08984375","","","","","","","","","","","","","","","","","","","","","","","","","","","","","","","","","","","",""
"6.74768280123584","400","400","400","0.59765625","0.59765625","0.59765625","0.3125","0.3125","0.3125","0.08984375","0.08984375","0.08984375","","","","","","","","","","","","","","","","","","","","","","","","","","","","","","","","","","","",""
"6.787847579814624","421","421","421","0.59375","0.59375","0.59375","0.31640625","0.31640625","0.31640625","0.08984375","0.08984375","0.08984375","","","","","","","","","","","","","","","","","","","","","","","","","","","","","","","","","","","",""
"6.8280123583934085","443","443","443","0.5859375","0.5859375","0.5859375","0.328125","0.328125","0.328125","0.0859375","0.0859375","0.0859375","","","","","","","","","","","","","","","","","","","","","","","","","","","","","","","","","","","",""
"6.868177136972194","464","464","464","0.60546875","0.60546875","0.60546875","0.30078125","0.30078125","0.30078125","0.09375","0.09375","0.09375","","","","","","","","","","","","","","","","","","","","","","","","","","","","","","","","","","","",""
"6.908341915550978","486","486","486","0.6015625","0.6015625","0.6015625","0.296875","0.296875","0.296875","0.1015625","0.1015625","0.1015625","","","","","","","","","","","","","","","","","","","","","","","","","","","","","","","","","","","",""
"6.9485066941297635","507","507","507","0.62109375","0.62109375","0.62109375","0.27734375","0.27734375","0.27734375","0.1015625","0.1015625","0.1015625","","","","","","","","","","","","","","","","","","","","","","","","","","","","","","","","","","","",""
"6.988671472708548","529","529","529","0.60546875","0.60546875","0.60546875","0.3046875","0.3046875","0.3046875","0.08984375","0.08984375","0.08984375","","","","","","","","","","","","","","","","","","","","","","","","","","","","","","","","","","","",""
"7.028836251287332","550","550","550","0.625","0.625","0.625","0.2890625","0.2890625","0.2890625","0.0859375","0.0859375","0.0859375","","","","","","","","","","","","","","","","","","","","","","","","","","","","","","","","","","","",""
"7.069001029866118","572","572","572","0.625","0.625","0.625","0.2890625","0.2890625","0.2890625","0.0859375","0.0859375","0.0859375","","","","","","","","","","","","","","","","","","","","","","","","","","","","","","","","","","","",""
"7.109165808444902","593","593","593","0.63671875","0.63671875","0.63671875","0.27734375","0.27734375","0.27734375","0.0859375","0.0859375","0.0859375","","","","","","","","","","","","","","","","","","","","","","","","","","","","","","","","","","","",""
"7.1493305870236865","615","615","615","0.6171875","0.6171875","0.6171875","0.2890625","0.2890625","0.2890625","0.09375","0.09375","0.09375","","","","","","","","","","","","","","","","","","","","","","","","","","","","","","","","","","","",""
"7.189495365602472","636","636","636","0.625","0.625","0.625","0.2734375","0.2734375","0.2734375","0.1015625","0.1015625","0.1015625","","","","","","","","","","","","","","","","","","","","","","","","","","","","","","","","","","","",""
"7.229660144181256","658","658","658","0.64453125","0.64453125","0.64453125","0.2578125","0.2578125","0.2578125","0.09765625","0.09765625","0.09765625","","","","","","","","","","","","","","","","","","","","","","","","","","","","","","","","","","","",""
"7.2698249227600416","679","679","679","0.625","0.625","0.625","0.26953125","0.26953125","0.26953125","0.10546875","0.10546875","0.10546875","","","","","","","","","","","","","","","","","","","","","","","","","","","","","","","","","","","",""
"7.309989701338826","701","701","701","0.60546875","0.60546875","0.60546875","0.28515625","0.28515625","0.28515625","0.109375","0.109375","0.109375","","","","","","","","","","","","","","","","","","","","","","","","","","","","","","","","","","","",""
"7.35015447991761","722","722","722","0.6171875","0.6171875","0.6171875","0.28515625","0.28515625","0.28515625","0.09765625","0.09765625","0.09765625","","","","","","","","","","","","","","","","","","","","","","","","","","","","","","","","","","","",""
"7.390319258496396","744","744","744","0.62109375","0.62109375","0.62109375","0.2734375","0.2734375","0.2734375","0.10546875","0.10546875","0.10546875","","","","","","","","","","","","","","","","","","","","","","","","","","","","","","","","","","","",""
"7.43048403707518","765","765","765","0.6484375","0.6484375","0.6484375","0.2421875","0.2421875","0.2421875","0.109375","0.109375","0.109375","","","","","","","","","","","","","","","","","","","","","","","","","","","","","","","","","","","",""
"7.4706488156539645","787","787","787","0.63671875","0.63671875","0.63671875","0.265625","0.265625","0.265625","0.09765625","0.09765625","0.09765625","","","","","","","","","","","","","","","","","","","","","","","","","","","","","","","","","","","",""
"7.51081359423275","808","808","808","0.6328125","0.6328125","0.6328125","0.2734375","0.2734375","0.2734375","0.09375","0.09375","0.09375","","","","","","","","","","","","","","","","","","","","","","","","","","","","","","","","","","","",""
"7.550978372811534","830","830","830","0.61328125","0.61328125","0.61328125","0.30078125","0.30078125","0.30078125","0.0859375","0.0859375","0.0859375","","","","","","","","","","","","","","","","","","","","","","","","","","","","","","","","","","","",""
"7.59114315139032","851","851","851","0.640625","0.640625","0.640625","0.25","0.25","0.25","0.109375","0.109375","0.109375","","","","","","","","","","","","","","","","","","","","","","","","","","","","","","","","","","","",""
"7.631307929969104","873","873","873","0.61328125","0.61328125","0.61328125","0.28515625","0.28515625","0.28515625","0.1015625","0.1015625","0.1015625","","","","","","","","","","","","","","","","","","","","","","","","","","","","","","","","","","","",""
"7.671472708547888","894","894","894","0.63671875","0.63671875","0.63671875","0.2734375","0.2734375","0.2734375","0.08984375","0.08984375","0.08984375","","","","","","","","","","","","","","","","","","","","","","","","","","","","","","","","","","","",""
"7.711637487126674","916","916","916","0.65625","0.65625","0.65625","0.24609375","0.24609375","0.24609375","0.09765625","0.09765625","0.09765625","","","","","","","","","","","","","","","","","","","","","","","","","","","","","","","","","","","",""
"7.751802265705458","937","937","937","0.65234375","0.65234375","0.65234375","0.24609375","0.24609375","0.24609375","0.1015625","0.1015625","0.1015625","","","","","","","","","","","","","","","","","","","","","","","","","","","","","","","","","","","",""
"7.7919670442842435","959","959","959","0.61328125","0.61328125","0.61328125","0.28125","0.28125","0.28125","0.10546875","0.10546875","0.10546875","","","","","","","","","","","","","","","","","","","","","","","","","","","","","","","","","","","",""
"7.832131822863028","980","980","980","0.67578125","0.67578125","0.67578125","0.2265625","0.2265625","0.2265625","0.09765625","0.09765625","0.09765625","","","","","","","","","","","","","","","","","","","","","","","","","","","","","","","","","","","",""
"7.872296601441812","1002","1002","1002","0.63671875","0.63671875","0.63671875","0.265625","0.265625","0.265625","0.09765625","0.09765625","0.09765625","","","","","","","","","","","","","","","","","","","","","","","","","","","","","","","","","","","",""
"7.912461380020598","1023","1023","1023","0.62109375","0.62109375","0.62109375","0.27734375","0.27734375","0.27734375","0.1015625","0.1015625","0.1015625","","","","","","","","","","","","","","","","","","","","","","","","","","","","","","","","","","","",""
"7.952626158599382","1045","1045","1045","0.625","0.625","0.625","0.265625","0.265625","0.265625","0.109375","0.109375","0.109375","","","","","","","","","","","","","","","","","","","","","","","","","","","","","","","","","","","",""
"7.9927909371781665","1066","1066","1066","0.6328125","0.6328125","0.6328125","0.26953125","0.26953125","0.26953125","0.09765625","0.09765625","0.09765625","","","","","","","","","","","","","","","","","","","","","","","","","","","","","","","","","","","",""
