"train/epoch","20250524-191100-clumsy-tern-70 - _step","20250524-191100-clumsy-tern-70 - _step__MIN","20250524-191100-clumsy-tern-70 - _step__MAX","20250524-191100-clumsy-tern-70 - eval/prefs/pred_mean","20250524-191100-clumsy-tern-70 - eval/prefs/pred_mean__MIN","20250524-191100-clumsy-tern-70 - eval/prefs/pred_mean__MAX","20250524-191100-clumsy-tern-70 - eval/prefs/lower_mean","20250524-191100-clumsy-tern-70 - eval/prefs/lower_mean__MIN","20250524-191100-clumsy-tern-70 - eval/prefs/lower_mean__MAX","20250524-191100-clumsy-tern-70 - eval/prefs/upper_mean","20250524-191100-clumsy-tern-70 - eval/prefs/upper_mean__MIN","20250524-191100-clumsy-tern-70 - eval/prefs/upper_mean__MAX","20250522-143316-indecisive-worm-398 - _step","20250522-143316-indecisive-worm-398 - _step__MIN","20250522-143316-indecisive-worm-398 - _step__MAX","20250522-143316-indecisive-worm-398 - eval/prefs/pred_mean","20250522-143316-indecisive-worm-398 - eval/prefs/pred_mean__MIN","20250522-143316-indecisive-worm-398 - eval/prefs/pred_mean__MAX","20250522-143316-indecisive-worm-398 - eval/prefs/lower_mean","20250522-143316-indecisive-worm-398 - eval/prefs/lower_mean__MIN","20250522-143316-indecisive-worm-398 - eval/prefs/lower_mean__MAX","20250522-143316-indecisive-worm-398 - eval/prefs/upper_mean","20250522-143316-indecisive-worm-398 - eval/prefs/upper_mean__MIN","20250522-143316-indecisive-worm-398 - eval/prefs/upper_mean__MAX","20250522-093557-glamorous-mink-111 - _step","20250522-093557-glamorous-mink-111 - _step__MIN","20250522-093557-glamorous-mink-111 - _step__MAX","20250522-093557-glamorous-mink-111 - eval/prefs/pred_mean","20250522-093557-glamorous-mink-111 - eval/prefs/pred_mean__MIN","20250522-093557-glamorous-mink-111 - eval/prefs/pred_mean__MAX","20250522-093557-glamorous-mink-111 - eval/prefs/lower_mean","20250522-093557-glamorous-mink-111 - eval/prefs/lower_mean__MIN","20250522-093557-glamorous-mink-111 - eval/prefs/lower_mean__MAX","20250522-093557-glamorous-mink-111 - eval/prefs/upper_mean","20250522-093557-glamorous-mink-111 - eval/prefs/upper_mean__MIN","20250522-093557-glamorous-mink-111 - eval/prefs/upper_mean__MAX","20250520-205242-sincere-goose-909 - _step","20250520-205242-sincere-goose-909 - _step__MIN","20250520-205242-sincere-goose-909 - _step__MAX","20250520-205242-sincere-goose-909 - eval/prefs/pred_mean","20250520-205242-sincere-goose-909 - eval/prefs/pred_mean__MIN","20250520-205242-sincere-goose-909 - eval/prefs/pred_mean__MAX","20250520-205242-sincere-goose-909 - eval/prefs/lower_mean","20250520-205242-sincere-goose-909 - eval/prefs/lower_mean__MIN","20250520-205242-sincere-goose-909 - eval/prefs/lower_mean__MAX","20250520-205242-sincere-goose-909 - eval/prefs/upper_mean","20250520-205242-sincere-goose-909 - eval/prefs/upper_mean__MIN","20250520-205242-sincere-goose-909 - eval/prefs/upper_mean__MAX"
"0.04016477857878476","","","","","","","","","","","","","","","","","","","","","","","","","","","","","","","","","","","","","20","20","20","0.5092059969902039","0.5092059969902039","0.5092059969902039","0.1567387729883194","0.1567387729883194","0.1567387729883194","0.847822904586792","0.847822904586792","0.847822904586792"
"0.08032955715756952","","","","","","","","","","","","","","","","","","","","","","","","","","","","","","","","","","","","","42","42","42","0.532063901424408","0.532063901424408","0.532063901424408","0.17494982481002808","0.17494982481002808","0.17494982481002808","0.8546972274780273","0.8546972274780273","0.8546972274780273"
"0.12049433573635428","","","","","","","","","","","","","","","","","","","","","","","","","","","","","","","","","","","","","63","63","63","0.5548621416091919","0.5548621416091919","0.5548621416091919","0.19374524056911469","0.19374524056911469","0.19374524056911469","0.8559988141059875","0.8559988141059875","0.8559988141059875"
"0.16065911431513905","","","","","","","","","","","","","","","","","","","","","","","","","","","","","","","","","","","","","85","85","85","0.5692476630210876","0.5692476630210876","0.5692476630210876","0.2041974663734436","0.2041974663734436","0.2041974663734436","0.8607712984085083","0.8607712984085083","0.8607712984085083"
"0.2008238928939238","","","","","","","","","","","","","","","","","","","","","","","","","","","","","","","","","","","","","106","106","106","0.5803256034851074","0.5803256034851074","0.5803256034851074","0.21504706144332886","0.21504706144332886","0.21504706144332886","0.8637615442276001","0.8637615442276001","0.8637615442276001"
"0.24098867147270855","","","","","","","","","","","","","","","","","","","","","","","","","","","","","","","","","","","","","128","128","128","0.6056004762649536","0.6056004762649536","0.6056004762649536","0.24668997526168823","0.24668997526168823","0.24668997526168823","0.8681136965751648","0.8681136965751648","0.8681136965751648"
"0.2811534500514933","","","","","","","","","","","","","","","","","","","","","","","","","","","","","","","","","","","","","149","149","149","0.6253865361213684","0.6253865361213684","0.6253865361213684","0.2643824517726898","0.2643824517726898","0.2643824517726898","0.8736391663551331","0.8736391663551331","0.8736391663551331"
"0.3213182286302781","","","","","","","","","","","","","","","","","","","","","","","","","","","","","","","","","","","","","171","171","171","0.6053163409233093","0.6053163409233093","0.6053163409233093","0.25521814823150635","0.25521814823150635","0.25521814823150635","0.8668766021728516","0.8668766021728516","0.8668766021728516"
"0.36148300720906285","","","","","","","","","","","","","","","","","","","","","","","","","","","","","","","","","","","","","192","192","192","0.610651969909668","0.610651969909668","0.610651969909668","0.2591111660003662","0.2591111660003662","0.2591111660003662","0.8627772331237793","0.8627772331237793","0.8627772331237793"
"0.4016477857878476","","","","","","","","","","","","","","","","","","","","","","","","","","","","","","","","","","","","","214","214","214","0.6296533346176147","0.6296533346176147","0.6296533346176147","0.27814361453056335","0.27814361453056335","0.27814361453056335","0.8685753345489502","0.8685753345489502","0.8685753345489502"
"0.44181256436663235","","","","","","","","","","","","","","","","","","","","","","","","","","","","","","","","","","","","","235","235","235","0.626460611820221","0.626460611820221","0.626460611820221","0.27680084109306335","0.27680084109306335","0.27680084109306335","0.8652153611183167","0.8652153611183167","0.8652153611183167"
"0.4819773429454171","","","","","","","","","","","","","","","","","","","","","","","","","","","","","","","","","","","","","257","257","257","0.6395089626312256","0.6395089626312256","0.6395089626312256","0.29191356897354126","0.29191356897354126","0.29191356897354126","0.8679436445236206","0.8679436445236206","0.8679436445236206"
"0.5221421215242018","","","","","","","","","","","","","","","","","","","","","","","","","","","","","","","","","","","","","278","278","278","0.6467642784118652","0.6467642784118652","0.6467642784118652","0.303866982460022","0.303866982460022","0.303866982460022","0.8719333410263062","0.8719333410263062","0.8719333410263062"
"0.5623069001029866","","","","","","","","","","","","","","","","","","","","","","","","","","","","","","","","","","","","","300","300","300","0.6482839584350586","0.6482839584350586","0.6482839584350586","0.30994436144828796","0.30994436144828796","0.30994436144828796","0.8674539923667908","0.8674539923667908","0.8674539923667908"
"0.6024716786817713","","","","","","","","","","","","","","","","","","","","","","","","","","","","","","","","","","","","","321","321","321","0.6448968648910522","0.6448968648910522","0.6448968648910522","0.3082600235939026","0.3082600235939026","0.3082600235939026","0.866848886013031","0.866848886013031","0.866848886013031"
"0.6426364572605562","","","","","","","","","","","","","","","","","","","","","","","","","","","","","","","","","","","","","343","343","343","0.6649993062019348","0.6649993062019348","0.6649993062019348","0.3327755331993103","0.3327755331993103","0.3327755331993103","0.876726508140564","0.876726508140564","0.876726508140564"
"0.6828012358393409","","","","","","","","","","","","","","","","","","","","","","","","","","","","","","","","","","","","","364","364","364","0.6706922054290771","0.6706922054290771","0.6706922054290771","0.33614256978034973","0.33614256978034973","0.33614256978034973","0.8728836178779602","0.8728836178779602","0.8728836178779602"
"0.7229660144181257","","","","","","","","","","","","","","","","","","","","","","","","","","","","","","","","","","","","","386","386","386","0.6715832352638245","0.6715832352638245","0.6715832352638245","0.34916749596595764","0.34916749596595764","0.34916749596595764","0.8715837001800537","0.8715837001800537","0.8715837001800537"
"0.7631307929969104","","","","","","","","","","","","","","","","","","","","","","","","","","","","","","","","","","","","","407","407","407","0.6532947421073914","0.6532947421073914","0.6532947421073914","0.32423996925354004","0.32423996925354004","0.32423996925354004","0.8665862679481506","0.8665862679481506","0.8665862679481506"
"0.8032955715756952","","","","","","","","","","","","","","","","","","","","","","","","","","","","","","","","","","","","","429","429","429","0.6808825731277466","0.6808825731277466","0.6808825731277466","0.3600861728191376","0.3600861728191376","0.3600861728191376","0.8713528513908386","0.8713528513908386","0.8713528513908386"
"0.84346035015448","","","","","","","","","","","","","","","","","","","","","","","","","","","","","","","","","","","","","450","450","450","0.6612597107887268","0.6612597107887268","0.6612597107887268","0.3351159393787384","0.3351159393787384","0.3351159393787384","0.8663196563720703","0.8663196563720703","0.8663196563720703"
"0.8836251287332647","","","","","","","","","","","","","","","","","","","","","","","","","","","","","","","","","","","","","472","472","472","0.6627213358879089","0.6627213358879089","0.6627213358879089","0.33531123399734497","0.33531123399734497","0.33531123399734497","0.864840030670166","0.864840030670166","0.864840030670166"
"0.9237899073120495","","","","","","","","","","","","","","","","","","","","","","","","","","","","","","","","","","","","","493","493","493","0.6490166783332825","0.6490166783332825","0.6490166783332825","0.3186095654964447","0.3186095654964447","0.3186095654964447","0.8607699871063232","0.8607699871063232","0.8607699871063232"
"0.9639546858908342","","","","","","","","","","","","","","","","","","","","","","","","","","","","","","","","","","","","","515","515","515","0.6425784826278687","0.6425784826278687","0.6425784826278687","0.32071730494499207","0.32071730494499207","0.32071730494499207","0.8619409203529358","0.8619409203529358","0.8619409203529358"
"1.004119464469619","","","","","","","","","","","","","","","","","","","","","","","","","","","","","","","","","","","","","536","536","536","0.637864351272583","0.637864351272583","0.637864351272583","0.3084287941455841","0.3084287941455841","0.3084287941455841","0.8602055907249451","0.8602055907249451","0.8602055907249451"
"1.0442842430484036","","","","","","","","","","","","","","","","","","","","","","","","","","","","","","","","","","","","","558","558","558","0.6629732847213745","0.6629732847213745","0.6629732847213745","0.35088464617729187","0.35088464617729187","0.35088464617729187","0.8702303171157837","0.8702303171157837","0.8702303171157837"
"1.0844490216271885","","","","","","","","","","","","","","","","","","","","","","","","","","","","","","","","","","","","","579","579","579","0.6510812640190125","0.6510812640190125","0.6510812640190125","0.3350891172885895","0.3350891172885895","0.3350891172885895","0.8617055416107178","0.8617055416107178","0.8617055416107178"
"1.1246138002059731","","","","","","","","","","","","","","","","","","","","","","","","","","","","","","","","","","","","","601","601","601","0.6718544960021973","0.6718544960021973","0.6718544960021973","0.36396336555480957","0.36396336555480957","0.36396336555480957","0.8706299066543579","0.8706299066543579","0.8706299066543579"
"1.164778578784758","","","","","","","","","","","","","","","","","","","","","","","","","","","","","","","","","","","","","622","622","622","0.6347468495368958","0.6347468495368958","0.6347468495368958","0.3235538601875305","0.3235538601875305","0.3235538601875305","0.8530564308166504","0.8530564308166504","0.8530564308166504"
"1.2049433573635429","","","","","","","","","","","","","","","","","","","","","","","","","","","","","","","","","","","","","644","644","644","0.663420557975769","0.663420557975769","0.663420557975769","0.3543176054954529","0.3543176054954529","0.3543176054954529","0.8634271621704102","0.8634271621704102","0.8634271621704102"
"1.2451081359423275","","","","","","","","","","","","","","","","","","","","","","","","","","","","","","","","","","","","","665","665","665","0.6663996577262878","0.6663996577262878","0.6663996577262878","0.36350393295288086","0.36350393295288086","0.36350393295288086","0.8609176278114319","0.8609176278114319","0.8609176278114319"
"1.2852729145211121","","","","","","","","","","","","","","","","","","","","","","","","","","","","","","","","","","","","","687","687","687","0.6617683172225952","0.6617683172225952","0.6617683172225952","0.35780131816864014","0.35780131816864014","0.35780131816864014","0.8654513359069824","0.8654513359069824","0.8654513359069824"
"1.325437693099897","","","","","","","","","","","","","","","","","","","","","","","","","","","","","","","","","","","","","708","708","708","0.643043041229248","0.643043041229248","0.643043041229248","0.33055031299591064","0.33055031299591064","0.33055031299591064","0.8495442867279053","0.8495442867279053","0.8495442867279053"
"1.3656024716786819","","","","","","","","","","","","","","","","","","","","","","","","","","","","","","","","","","","","","730","730","730","0.6559005975723267","0.6559005975723267","0.6559005975723267","0.3540632128715515","0.3540632128715515","0.3540632128715515","0.8558313250541687","0.8558313250541687","0.8558313250541687"
"1.4057672502574665","","","","","","","","","","","","","","","","","","","","","","","","","","","","","","","","","","","","","751","751","751","0.6764945983886719","0.6764945983886719","0.6764945983886719","0.37427687644958496","0.37427687644958496","0.37427687644958496","0.8632329106330872","0.8632329106330872","0.8632329106330872"
"1.4459320288362512","","","","","","","","","","","","","","","","","","","","","","","","","","","","","","","","","","","","","773","773","773","0.6803205013275146","0.6803205013275146","0.6803205013275146","0.37297695875167847","0.37297695875167847","0.37297695875167847","0.867210865020752","0.867210865020752","0.867210865020752"
"1.486096807415036","","","","","","","","","","","","","","","","","","","","","","","","","","","","","","","","","","","","","794","794","794","0.6825339198112488","0.6825339198112488","0.6825339198112488","0.3778281807899475","0.3778281807899475","0.3778281807899475","0.8688713312149048","0.8688713312149048","0.8688713312149048"
"1.526261585993821","","","","","","","","","","","","","","","","","","","","","","","","","","","","","","","","","","","","","816","816","816","0.6705940961837769","0.6705940961837769","0.6705940961837769","0.3660513758659363","0.3660513758659363","0.3660513758659363","0.8615685105323792","0.8615685105323792","0.8615685105323792"
"1.5664263645726055","","","","","","","","","","","","","","","","","","","","","","","","","","","","","","","","","","","","","885","837","933","0.6962381899356842","0.6955739259719849","0.6969024538993835","0.404136598110199","0.40365076065063477","0.4046224355697632","0.8727979362010956","0.8727798461914062","0.8728160262107849"
"1.6065911431513902","","","","","","","","","","","","","","","","","","","","","","","","","","","","","","","","","","","","","907","859","955","0.6832232475280762","0.682587742805481","0.6838587522506714","0.3902055621147156","0.38995036482810974","0.3904607594013214","0.8718388378620148","0.8712663650512695","0.87241131067276"
"1.646755921730175","","","","","","","","","","","","","","","","","","","","","","","","","","","","","","","","","","","","","928","880","976","0.6836857795715332","0.6826425790786743","0.6847289800643921","0.38429251313209534","0.3833628296852112","0.3852221965789795","0.8714962899684906","0.8709570169448853","0.872035562992096"
"1.68692070030896","","","","","","","","","","","","","","","","","","","","","","","","","","","","","","","","","","","","","950","902","998","0.6860106885433197","0.6859118342399597","0.6861095428466797","0.39798004925251007","0.397602915763855","0.39835718274116516","0.8685206174850464","0.8683727979660034","0.8686684370040894"
"1.7270854788877446","","","","","","","","","","","","","","","","","","","","","","","","","","","","","","","","","","","","","1019","1019","1019","0.669738233089447","0.669738233089447","0.669738233089447","0.3765890598297119","0.3765890598297119","0.3765890598297119","0.8597127199172974","0.8597127199172974","0.8597127199172974"
"1.7672502574665292","","","","","","","","","","","","","","","","","","","","","","","","","","","","","","","","","","","","","1041","1041","1041","0.6740114092826843","0.6740114092826843","0.6740114092826843","0.37876278162002563","0.37876278162002563","0.37876278162002563","0.8613779544830322","0.8613779544830322","0.8613779544830322"
"1.807415036045314","","","","","","","","","","","","","","","","","","","","","","","","","","","","","","","","","","","","","1062","1062","1062","0.6670963764190674","0.6670963764190674","0.6670963764190674","0.3723295331001282","0.3723295331001282","0.3723295331001282","0.8516060709953308","0.8516060709953308","0.8516060709953308"
"1.847579814624099","","","","","","","","","","","","","","","","","","","","","","","","","","","","","","","","","","","","","1084","1084","1084","0.6591578722000122","0.6591578722000122","0.6591578722000122","0.3614974617958069","0.3614974617958069","0.3614974617958069","0.852536678314209","0.852536678314209","0.852536678314209"
"1.8877445932028838","","","","","","","","","","","","","","","","","","","","","","","","","","","","","","","","","","","","","1105","1105","1105","0.68953537940979","0.68953537940979","0.68953537940979","0.413015753030777","0.413015753030777","0.413015753030777","0.8635396957397461","0.8635396957397461","0.8635396957397461"
"1.9279093717816684","","","","","","","","","","","","","","","","","","","","","","","","","","","","","","","","","","","","","1127","1127","1127","0.6688094139099121","0.6688094139099121","0.6688094139099121","0.3894847333431244","0.3894847333431244","0.3894847333431244","0.8540887832641602","0.8540887832641602","0.8540887832641602"
"1.968074150360453","","","","","","","","","","","","","","","","","","","","","","","","","","","","","","","","","","","","","1148","1148","1148","0.6889597177505493","0.6889597177505493","0.6889597177505493","0.4088824689388275","0.4088824689388275","0.4088824689388275","0.8650525808334351","0.8650525808334351","0.8650525808334351"
"2.008238928939238","","","","","","","","","","","","","","","","","","","","","","","","","5","5","5","0.6552829742431641","0.6552829742431641","0.6552829742431641","0.36405467987060547","0.36405467987060547","0.36405467987060547","0.8496251106262207","0.8496251106262207","0.8496251106262207","","","","","","","","","","","",""
"2.048403707518023","","","","","","","","","","","","","","","","","","","","","","","","","26","26","26","0.684799075126648","0.684799075126648","0.684799075126648","0.4097970426082611","0.4097970426082611","0.4097970426082611","0.8604367971420288","0.8604367971420288","0.8604367971420288","","","","","","","","","","","",""
"2.0885684860968072","","","","","","","","","","","","","","","","","","","","","","","","","48","48","48","0.6823172569274902","0.6823172569274902","0.6823172569274902","0.40097373723983765","0.40097373723983765","0.40097373723983765","0.8634270429611206","0.8634270429611206","0.8634270429611206","","","","","","","","","","","",""
"2.128733264675592","","","","","","","","","","","","","","","","","","","","","","","","","69","69","69","0.6939536929130554","0.6939536929130554","0.6939536929130554","0.4163014888763428","0.4163014888763428","0.4163014888763428","0.8659541606903076","0.8659541606903076","0.8659541606903076","","","","","","","","","","","",""
"2.168898043254377","","","","","","","","","","","","","","","","","","","","","","","","","91","91","91","0.6767218112945557","0.6767218112945557","0.6767218112945557","0.38417118787765503","0.38417118787765503","0.38417118787765503","0.8601353764533997","0.8601353764533997","0.8601353764533997","","","","","","","","","","","",""
"2.209062821833162","","","","","","","","","","","","","","","","","","","","","","","","","112","112","112","0.6825069189071655","0.6825069189071655","0.6825069189071655","0.3986814320087433","0.3986814320087433","0.3986814320087433","0.863593578338623","0.863593578338623","0.863593578338623","","","","","","","","","","","",""
"2.2492276004119462","","","","","","","","","","","","","","","","","","","","","","","","","134","134","134","0.7052825689315796","0.7052825689315796","0.7052825689315796","0.4264373481273651","0.4264373481273651","0.4264373481273651","0.8731527924537659","0.8731527924537659","0.8731527924537659","","","","","","","","","","","",""
"2.289392378990731","","","","","","","","","","","","","","","","","","","","","","","","","155","155","155","0.7156468629837036","0.7156468629837036","0.7156468629837036","0.4576478600502014","0.4576478600502014","0.4576478600502014","0.8751252889633179","0.8751252889633179","0.8751252889633179","","","","","","","","","","","",""
"2.329557157569516","","","","","","","","","","","","","","","","","","","","","","","","","177","177","177","0.6943211555480957","0.6943211555480957","0.6943211555480957","0.4258338212966919","0.4258338212966919","0.4258338212966919","0.8626348972320557","0.8626348972320557","0.8626348972320557","","","","","","","","","","","",""
"2.369721936148301","","","","","","","","","","","","","","","","","","","","","","","","","198","198","198","0.6847007870674133","0.6847007870674133","0.6847007870674133","0.40831753611564636","0.40831753611564636","0.40831753611564636","0.8614258766174316","0.8614258766174316","0.8614258766174316","","","","","","","","","","","",""
"2.4098867147270857","","","","","","","","","","","","","","","","","","","","","","","","","220","220","220","0.6727337837219238","0.6727337837219238","0.6727337837219238","0.38972729444503784","0.38972729444503784","0.38972729444503784","0.8533029556274414","0.8533029556274414","0.8533029556274414","","","","","","","","","","","",""
"2.45005149330587","","","","","","","","","","","","","","","","","","","","","","","","","241","241","241","0.7135465741157532","0.7135465741157532","0.7135465741157532","0.45742183923721313","0.45742183923721313","0.45742183923721313","0.8712375164031982","0.8712375164031982","0.8712375164031982","","","","","","","","","","","",""
"2.490216271884655","","","","","","","","","","","","","","","","","","","","","","","","","263","263","263","0.6917557120323181","0.6917557120323181","0.6917557120323181","0.4260106682777405","0.4260106682777405","0.4260106682777405","0.8682607412338257","0.8682607412338257","0.8682607412338257","","","","","","","","","","","",""
"2.53038105046344","","","","","","","","","","","","","","","","","","","","","","","","","284","284","284","0.68666011095047","0.68666011095047","0.68666011095047","0.41287854313850403","0.41287854313850403","0.41287854313850403","0.8638064861297607","0.8638064861297607","0.8638064861297607","","","","","","","","","","","",""
"2.5705458290422243","","","","","","","","","","","","","","","","","","","","","","","","","306","306","306","0.7101866006851196","0.7101866006851196","0.7101866006851196","0.44716617465019226","0.44716617465019226","0.44716617465019226","0.8714660406112671","0.8714660406112671","0.8714660406112671","","","","","","","","","","","",""
"2.610710607621009","","","","","","","","","","","","","","","","","","","","","","","","","327","327","327","0.6927595138549805","0.6927595138549805","0.6927595138549805","0.41947948932647705","0.41947948932647705","0.41947948932647705","0.8638725280761719","0.8638725280761719","0.8638725280761719","","","","","","","","","","","",""
"2.650875386199794","","","","","","","","","","","","","","","","","","","","","","","","","349","349","349","0.6944853067398071","0.6944853067398071","0.6944853067398071","0.4251324534416199","0.4251324534416199","0.4251324534416199","0.8640149831771851","0.8640149831771851","0.8640149831771851","","","","","","","","","","","",""
"2.691040164778579","","","","","","","","","","","","","","","","","","","","","","","","","370","370","370","0.7297003269195557","0.7297003269195557","0.7297003269195557","0.49068108201026917","0.49068108201026917","0.49068108201026917","0.8771882653236389","0.8771882653236389","0.8771882653236389","","","","","","","","","","","",""
"2.7312049433573637","","","","","","","","","","","","","","","","","","","","","","","","","392","392","392","0.7032574415206909","0.7032574415206909","0.7032574415206909","0.4365042448043823","0.4365042448043823","0.4365042448043823","0.8728702068328857","0.8728702068328857","0.8728702068328857","","","","","","","","","","","",""
"2.771369721936148","","","","","","","","","","","","","","","","","","","","","","","","","413","413","413","0.712284505367279","0.712284505367279","0.712284505367279","0.4519002139568329","0.4519002139568329","0.4519002139568329","0.8747766017913818","0.8747766017913818","0.8747766017913818","","","","","","","","","","","",""
"2.811534500514933","","","","","","","","","","","","","","","","","","","","","","","","","435","435","435","0.6955311298370361","0.6955311298370361","0.6955311298370361","0.43111082911491394","0.43111082911491394","0.43111082911491394","0.8656612634658813","0.8656612634658813","0.8656612634658813","","","","","","","","","","","",""
"2.851699279093718","","","","","","","","","","","","","","","","","","","","","","","","","456","456","456","0.70621258020401","0.70621258020401","0.70621258020401","0.44467949867248535","0.44467949867248535","0.44467949867248535","0.8696158528327942","0.8696158528327942","0.8696158528327942","","","","","","","","","","","",""
"2.8918640576725023","","","","","","","","","","","","","","","","","","","","","","","","","478","478","478","0.7000287175178528","0.7000287175178528","0.7000287175178528","0.4360687732696533","0.4360687732696533","0.4360687732696533","0.8666352033615112","0.8666352033615112","0.8666352033615112","","","","","","","","","","","",""
"2.932028836251287","","","","","","","","","","","","","","","","","","","","","","","","","499","499","499","0.6972926259040833","0.6972926259040833","0.6972926259040833","0.43201661109924316","0.43201661109924316","0.43201661109924316","0.8666940331459045","0.8666940331459045","0.8666940331459045","","","","","","","","","","","",""
"2.972193614830072","","","","","","","","","","","","","","","","","","","","","","","","","521","521","521","0.7178328037261963","0.7178328037261963","0.7178328037261963","0.46158912777900696","0.46158912777900696","0.46158912777900696","0.8717535734176636","0.8717535734176636","0.8717535734176636","","","","","","","","","","","",""
"3.012358393408857","","","","","","","","","","","","","","","","","","","","","","","","","542","542","542","0.716263473033905","0.716263473033905","0.716263473033905","0.45493096113204956","0.45493096113204956","0.45493096113204956","0.8723810911178589","0.8723810911178589","0.8723810911178589","","","","","","","","","","","",""
"3.052523171987642","","","","","","","","","","","","","","","","","","","","","","","","","564","564","564","0.7214238047599792","0.7214238047599792","0.7214238047599792","0.46452414989471436","0.46452414989471436","0.46452414989471436","0.8756674528121948","0.8756674528121948","0.8756674528121948","","","","","","","","","","","",""
"3.092687950566426","","","","","","","","","","","","","","","","","","","","","","","","","585","585","585","0.7110739350318909","0.7110739350318909","0.7110739350318909","0.4511796236038208","0.4511796236038208","0.4511796236038208","0.8675217032432556","0.8675217032432556","0.8675217032432556","","","","","","","","","","","",""
"3.132852729145211","","","","","","","","","","","","","","","","","","","","","","","","","607","607","607","0.7287337779998779","0.7287337779998779","0.7287337779998779","0.48339131474494934","0.48339131474494934","0.48339131474494934","0.8804032802581787","0.8804032802581787","0.8804032802581787","","","","","","","","","","","",""
"3.173017507723996","","","","","","","","","","","","","","","","","","","","","","","","","628","628","628","0.6945515871047974","0.6945515871047974","0.6945515871047974","0.43014928698539734","0.43014928698539734","0.43014928698539734","0.8589857220649719","0.8589857220649719","0.8589857220649719","","","","","","","","","","","",""
"3.213182286302781","","","","","","","","","","","","","","","","","","","","","","","","","650","650","650","0.7260243892669678","0.7260243892669678","0.7260243892669678","0.4973265528678894","0.4973265528678894","0.4973265528678894","0.8709690570831299","0.8709690570831299","0.8709690570831299","","","","","","","","","","","",""
"3.253347064881565","","","","","","","","","","","","","","","","","","","","","","","","","671","671","671","0.7124295830726624","0.7124295830726624","0.7124295830726624","0.46775588393211365","0.46775588393211365","0.46775588393211365","0.8672795295715332","0.8672795295715332","0.8672795295715332","","","","","","","","","","","",""
"3.29351184346035","","","","","","","","","","","","","","","","","","","","","","","","","693","693","693","0.7194342613220215","0.7194342613220215","0.7194342613220215","0.46744784712791443","0.46744784712791443","0.46744784712791443","0.8731410503387451","0.8731410503387451","0.8731410503387451","","","","","","","","","","","",""
"3.333676622039135","","","","","","","","","","","","","","","","","","","","","","","","","714","714","714","0.7315397262573242","0.7315397262573242","0.7315397262573242","0.49939605593681335","0.49939605593681335","0.49939605593681335","0.8794113397598267","0.8794113397598267","0.8794113397598267","","","","","","","","","","","",""
"3.37384140061792","","","","","","","","","","","","","","","","","","","","","","","","","736","736","736","0.7355191707611084","0.7355191707611084","0.7355191707611084","0.5064362287521362","0.5064362287521362","0.5064362287521362","0.877938985824585","0.877938985824585","0.877938985824585","","","","","","","","","","","",""
"3.4140061791967042","","","","","","","","","","","","","","","","","","","","","","","","","757","757","757","0.7368308305740356","0.7368308305740356","0.7368308305740356","0.5080019235610962","0.5080019235610962","0.5080019235610962","0.878127932548523","0.878127932548523","0.878127932548523","","","","","","","","","","","",""
"3.454170957775489","","","","","","","","","","","","","","","","","","","","","","","","","779","779","779","0.7298826575279236","0.7298826575279236","0.7298826575279236","0.48934629559516907","0.48934629559516907","0.48934629559516907","0.8735982179641724","0.8735982179641724","0.8735982179641724","","","","","","","","","","","",""
"3.494335736354274","","","","","","","","","","","","","","","","","","","","","","","","","800","800","800","0.7313141226768494","0.7313141226768494","0.7313141226768494","0.4924572706222534","0.4924572706222534","0.4924572706222534","0.87493896484375","0.87493896484375","0.87493896484375","","","","","","","","","","","",""
"3.534500514933059","","","","","","","","","","","","","","","","","","","","","","","","","822","822","822","0.7298548817634583","0.7298548817634583","0.7298548817634583","0.48841726779937744","0.48841726779937744","0.48841726779937744","0.8744266033172607","0.8744266033172607","0.8744266033172607","","","","","","","","","","","",""
"3.5746652935118437","","","","","","","","","","","","","","","","","","","","","","","","","843","843","843","0.7227562665939331","0.7227562665939331","0.7227562665939331","0.4855746626853943","0.4855746626853943","0.4855746626853943","0.8697137236595154","0.8697137236595154","0.8697137236595154","","","","","","","","","","","",""
"3.614830072090628","","","","","","","","","","","","","","","","","","","","","","","","","899.5","865","934","0.7173176407814026","0.7167956829071045","0.7178395986557007","0.46199434995651245","0.46127617359161377","0.46271252632141113","0.8694778084754944","0.8693045973777771","0.8696510195732117","","","","","","","","","","","",""
"3.654994850669413","","","","","","","","","","","","","","","","","","","","","","","","","920.5","886","955","0.736472487449646","0.7358145713806152","0.7371304035186768","0.5054864585399628","0.5042150020599365","0.506757915019989","0.8752484619617462","0.8747878670692444","0.875709056854248","","","","","","","","","","","",""
"3.695159629248198","","","","","","","","","","","","","","","","","","","","","","","","","942.5","908","977","0.7265737056732178","0.7261773347854614","0.7269700765609741","0.47933124005794525","0.47877317667007446","0.47988930344581604","0.8768307864665985","0.8763344287872314","0.8773271441459656","","","","","","","","","","","",""
"3.7353244078269823","","","","","","","","","","","","","","","","","","","","","","","","","998","998","998","0.7176713943481445","0.7176713943481445","0.7176713943481445","0.4703758955001831","0.4703758955001831","0.4703758955001831","0.8729235529899597","0.8729235529899597","0.8729235529899597","","","","","","","","","","","",""
"3.775489186405767","","","","","","","","","","","","","","","","","","","","","","","","","1020","1020","1020","0.7236945629119873","0.7236945629119873","0.7236945629119873","0.48294776678085327","0.48294776678085327","0.48294776678085327","0.87111496925354","0.87111496925354","0.87111496925354","","","","","","","","","","","",""
"3.815653964984552","","","","","","","","","","","","","","","","","","","","","","","","","1041","1041","1041","0.7300028800964355","0.7300028800964355","0.7300028800964355","0.49586886167526245","0.49586886167526245","0.49586886167526245","0.8794201612472534","0.8794201612472534","0.8794201612472534","","","","","","","","","","","",""
"3.855818743563337","","","","","","","","","","","","","","","","","","","","","","","","","1063","1063","1063","0.7251932621002197","0.7251932621002197","0.7251932621002197","0.49271249771118164","0.49271249771118164","0.49271249771118164","0.8726291656494141","0.8726291656494141","0.8726291656494141","","","","","","","","","","","",""
"3.8959835221421217","","","","","","","","","","","","","","","","","","","","","","","","","1084","1084","1084","0.734777569770813","0.734777569770813","0.734777569770813","0.5003781318664551","0.5003781318664551","0.5003781318664551","0.8739767670631409","0.8739767670631409","0.8739767670631409","","","","","","","","","","","",""
"3.936148300720906","","","","","","","","","","","","","","","","","","","","","","","","","1106","1106","1106","0.7362395524978638","0.7362395524978638","0.7362395524978638","0.505235493183136","0.505235493183136","0.505235493183136","0.873986005783081","0.873986005783081","0.873986005783081","","","","","","","","","","","",""
"3.976313079299691","","","","","","","","","","","","","","","","","","","","","","","","","1127","1127","1127","0.7215677499771118","0.7215677499771118","0.7215677499771118","0.483448326587677","0.483448326587677","0.483448326587677","0.8718158006668091","0.8718158006668091","0.8718158006668091","","","","","","","","","","","",""
"4.016477857878476","","","","","","","","","","","","","9","9","9","0.7246705889701843","0.7246705889701843","0.7246705889701843","0.4827152490615845","0.4827152490615845","0.4827152490615845","0.8735502362251282","0.8735502362251282","0.8735502362251282","","","","","","","","","","","","","","","","","","","","","","","",""
"4.05664263645726","","","","","","","","","","","","","30","30","30","0.716265082359314","0.716265082359314","0.716265082359314","0.4641974866390228","0.4641974866390228","0.4641974866390228","0.8683407306671143","0.8683407306671143","0.8683407306671143","","","","","","","","","","","","","","","","","","","","","","","",""
"4.096807415036046","","","","","","","","","","","","","52","52","52","0.7467681169509888","0.7467681169509888","0.7467681169509888","0.525046706199646","0.525046706199646","0.525046706199646","0.8842872381210327","0.8842872381210327","0.8842872381210327","","","","","","","","","","","","","","","","","","","","","","","",""
"4.13697219361483","","","","","","","","","","","","","73","73","73","0.7181534767150879","0.7181534767150879","0.7181534767150879","0.48816120624542236","0.48816120624542236","0.48816120624542236","0.87003093957901","0.87003093957901","0.87003093957901","","","","","","","","","","","","","","","","","","","","","","","",""
"4.1771369721936145","","","","","","","","","","","","","95","95","95","0.721716582775116","0.721716582775116","0.721716582775116","0.4890647530555725","0.4890647530555725","0.4890647530555725","0.8697183132171631","0.8697183132171631","0.8697183132171631","","","","","","","","","","","","","","","","","","","","","","","",""
"4.2173017507724","","","","","","","","","","","","","116","116","116","0.726518452167511","0.726518452167511","0.726518452167511","0.48641437292099","0.48641437292099","0.48641437292099","0.8756815195083618","0.8756815195083618","0.8756815195083618","","","","","","","","","","","","","","","","","","","","","","","",""
"4.257466529351184","","","","","","","","","","","","","138","138","138","0.7277464866638184","0.7277464866638184","0.7277464866638184","0.49717140197753906","0.49717140197753906","0.49717140197753906","0.8750771284103394","0.8750771284103394","0.8750771284103394","","","","","","","","","","","","","","","","","","","","","","","",""
"4.2976313079299695","","","","","","","","","","","","","159","159","159","0.7315076589584351","0.7315076589584351","0.7315076589584351","0.5054967403411865","0.5054967403411865","0.5054967403411865","0.8718233704566956","0.8718233704566956","0.8718233704566956","","","","","","","","","","","","","","","","","","","","","","","",""
"4.337796086508754","","","","","","","","","","","","","181","181","181","0.7173474431037903","0.7173474431037903","0.7173474431037903","0.48285210132598877","0.48285210132598877","0.48285210132598877","0.8687623739242554","0.8687623739242554","0.8687623739242554","","","","","","","","","","","","","","","","","","","","","","","",""
"4.377960865087538","","","","","","","","","","","","","202","202","202","0.7303608655929565","0.7303608655929565","0.7303608655929565","0.5034477710723877","0.5034477710723877","0.5034477710723877","0.8733609318733215","0.8733609318733215","0.8733609318733215","","","","","","","","","","","","","","","","","","","","","","","",""
"4.418125643666324","","","","","","","","","","","","","224","224","224","0.7308259010314941","0.7308259010314941","0.7308259010314941","0.5069253444671631","0.5069253444671631","0.5069253444671631","0.8700324296951294","0.8700324296951294","0.8700324296951294","","","","","","","","","","","","","","","","","","","","","","","",""
"4.458290422245108","","","","","","","","","","","","","245","245","245","0.7321873307228088","0.7321873307228088","0.7321873307228088","0.5028561353683472","0.5028561353683472","0.5028561353683472","0.8767138123512268","0.8767138123512268","0.8767138123512268","","","","","","","","","","","","","","","","","","","","","","","",""
"4.4984552008238925","","","","","","","","","","","","","267","267","267","0.7343631982803345","0.7343631982803345","0.7343631982803345","0.5190317034721375","0.5190317034721375","0.5190317034721375","0.8728122115135193","0.8728122115135193","0.8728122115135193","","","","","","","","","","","","","","","","","","","","","","","",""
"4.538619979402678","","","","","","","","","","","","","288","288","288","0.7445753216743469","0.7445753216743469","0.7445753216743469","0.5283031463623047","0.5283031463623047","0.5283031463623047","0.8770883083343506","0.8770883083343506","0.8770883083343506","","","","","","","","","","","","","","","","","","","","","","","",""
"4.578784757981462","","","","","","","","","","","","","310","310","310","0.7268420457839966","0.7268420457839966","0.7268420457839966","0.5024223923683167","0.5024223923683167","0.5024223923683167","0.8690649271011353","0.8690649271011353","0.8690649271011353","","","","","","","","","","","","","","","","","","","","","","","",""
"4.6189495365602475","","","","","","","","","","","","","331","331","331","0.7282914519309998","0.7282914519309998","0.7282914519309998","0.5051383972167969","0.5051383972167969","0.5051383972167969","0.8737574815750122","0.8737574815750122","0.8737574815750122","","","","","","","","","","","","","","","","","","","","","","","",""
"4.659114315139032","","","","","","","","","","","","","353","353","353","0.7404584884643555","0.7404584884643555","0.7404584884643555","0.5256273150444031","0.5256273150444031","0.5256273150444031","0.870890200138092","0.870890200138092","0.870890200138092","","","","","","","","","","","","","","","","","","","","","","","",""
"4.699279093717816","","","","","","","","","","","","","374","374","374","0.7229360342025757","0.7229360342025757","0.7229360342025757","0.4964131712913513","0.4964131712913513","0.4964131712913513","0.8649471402168274","0.8649471402168274","0.8649471402168274","","","","","","","","","","","","","","","","","","","","","","","",""
"4.739443872296602","","","","","","","","","","","","","396","396","396","0.7413420081138611","0.7413420081138611","0.7413420081138611","0.5274633169174194","0.5274633169174194","0.5274633169174194","0.872489869594574","0.872489869594574","0.872489869594574","","","","","","","","","","","","","","","","","","","","","","","",""
"4.779608650875386","","","","","","","","","","","","","417","417","417","0.746320366859436","0.746320366859436","0.746320366859436","0.5240705609321594","0.5240705609321594","0.5240705609321594","0.882671594619751","0.882671594619751","0.882671594619751","","","","","","","","","","","","","","","","","","","","","","","",""
"4.819773429454171","","","","","","","","","","","","","439","439","439","0.7404312491416931","0.7404312491416931","0.7404312491416931","0.5169941186904907","0.5169941186904907","0.5169941186904907","0.8749189376831055","0.8749189376831055","0.8749189376831055","","","","","","","","","","","","","","","","","","","","","","","",""
"4.859938208032956","","","","","","","","","","","","","460","460","460","0.7558121681213379","0.7558121681213379","0.7558121681213379","0.5586327910423279","0.5586327910423279","0.5586327910423279","0.8792111873626709","0.8792111873626709","0.8792111873626709","","","","","","","","","","","","","","","","","","","","","","","",""
"4.90010298661174","","","","","","","","","","","","","482","482","482","0.7412434816360474","0.7412434816360474","0.7412434816360474","0.5198054313659668","0.5198054313659668","0.5198054313659668","0.8747291564941406","0.8747291564941406","0.8747291564941406","","","","","","","","","","","","","","","","","","","","","","","",""
"4.940267765190526","","","","","","","","","","","","","503","503","503","0.7569811344146729","0.7569811344146729","0.7569811344146729","0.5567519068717957","0.5567519068717957","0.5567519068717957","0.87843918800354","0.87843918800354","0.87843918800354","","","","","","","","","","","","","","","","","","","","","","","",""
"4.98043254376931","","","","","","","","","","","","","525","525","525","0.7434627413749695","0.7434627413749695","0.7434627413749695","0.527555525302887","0.527555525302887","0.527555525302887","0.8791158199310303","0.8791158199310303","0.8791158199310303","","","","","","","","","","","","","","","","","","","","","","","",""
"5.020597322348094","","","","","","","","","","","","","546","546","546","0.7485533356666565","0.7485533356666565","0.7485533356666565","0.5458451509475708","0.5458451509475708","0.5458451509475708","0.8758577704429626","0.8758577704429626","0.8758577704429626","","","","","","","","","","","","","","","","","","","","","","","",""
"5.06076210092688","","","","","","","","","","","","","568","568","568","0.7552734017372131","0.7552734017372131","0.7552734017372131","0.5606942176818848","0.5606942176818848","0.5606942176818848","0.8778642416000366","0.8778642416000366","0.8778642416000366","","","","","","","","","","","","","","","","","","","","","","","",""
"5.100926879505664","","","","","","","","","","","","","589","589","589","0.754939615726471","0.754939615726471","0.754939615726471","0.5613280534744263","0.5613280534744263","0.5613280534744263","0.8763635158538818","0.8763635158538818","0.8763635158538818","","","","","","","","","","","","","","","","","","","","","","","",""
"5.141091658084449","","","","","","","","","","","","","611","611","611","0.7582485675811768","0.7582485675811768","0.7582485675811768","0.564232587814331","0.564232587814331","0.564232587814331","0.8798407316207886","0.8798407316207886","0.8798407316207886","","","","","","","","","","","","","","","","","","","","","","","",""
"5.181256436663234","","","","","","","","","","","","","632","632","632","0.7592563033103943","0.7592563033103943","0.7592563033103943","0.5749470591545105","0.5749470591545105","0.5749470591545105","0.8762836456298828","0.8762836456298828","0.8762836456298828","","","","","","","","","","","","","","","","","","","","","","","",""
"5.221421215242018","","","","","","","","","","","","","654","654","654","0.7593103051185608","0.7593103051185608","0.7593103051185608","0.5841538906097412","0.5841538906097412","0.5841538906097412","0.8724038004875183","0.8724038004875183","0.8724038004875183","","","","","","","","","","","","","","","","","","","","","","","",""
"5.261585993820804","","","","","","","","","","","","","675","675","675","0.7586944699287415","0.7586944699287415","0.7586944699287415","0.5763983726501465","0.5763983726501465","0.5763983726501465","0.8758764266967773","0.8758764266967773","0.8758764266967773","","","","","","","","","","","","","","","","","","","","","","","",""
"5.301750772399588","","","","","","","","","","","","","697","697","697","0.7543901205062866","0.7543901205062866","0.7543901205062866","0.5570465326309204","0.5570465326309204","0.5570465326309204","0.8796815872192383","0.8796815872192383","0.8796815872192383","","","","","","","","","","","","","","","","","","","","","","","",""
"5.3419155509783725","","","","","","","","","","","","","718","718","718","0.752494752407074","0.752494752407074","0.752494752407074","0.5519084930419922","0.5519084930419922","0.5519084930419922","0.8785463571548462","0.8785463571548462","0.8785463571548462","","","","","","","","","","","","","","","","","","","","","","","",""
"5.382080329557158","","","","","","","","","","","","","740","740","740","0.7498919367790222","0.7498919367790222","0.7498919367790222","0.5547058582305908","0.5547058582305908","0.5547058582305908","0.873693585395813","0.873693585395813","0.873693585395813","","","","","","","","","","","","","","","","","","","","","","","",""
"5.422245108135942","","","","","","","","","","","","","761","761","761","0.7529079914093018","0.7529079914093018","0.7529079914093018","0.5570387840270996","0.5570387840270996","0.5570387840270996","0.8771869540214539","0.8771869540214539","0.8771869540214539","","","","","","","","","","","","","","","","","","","","","","","",""
"5.4624098867147275","","","","","","","","","","","","","783","783","783","0.7493345141410828","0.7493345141410828","0.7493345141410828","0.5504913330078125","0.5504913330078125","0.5504913330078125","0.8741018772125244","0.8741018772125244","0.8741018772125244","","","","","","","","","","","","","","","","","","","","","","","",""
"5.502574665293512","","","","","","","","","","","","","804","804","804","0.7681019902229309","0.7681019902229309","0.7681019902229309","0.5881525278091431","0.5881525278091431","0.5881525278091431","0.8758216500282288","0.8758216500282288","0.8758216500282288","","","","","","","","","","","","","","","","","","","","","","","",""
"5.542739443872296","","","","","","","","","","","","","826","826","826","0.7531280517578125","0.7531280517578125","0.7531280517578125","0.5526451468467712","0.5526451468467712","0.5526451468467712","0.8780845403671265","0.8780845403671265","0.8780845403671265","","","","","","","","","","","","","","","","","","","","","","","",""
"5.582904222451082","","","","","","","","","","","","","847","847","847","0.7439296245574951","0.7439296245574951","0.7439296245574951","0.5427766442298889","0.5427766442298889","0.5427766442298889","0.8718366026878357","0.8718366026878357","0.8718366026878357","","","","","","","","","","","","","","","","","","","","","","","",""
"5.623069001029866","","","","","","","","","","","","","869","869","869","0.7546365261077881","0.7546365261077881","0.7546365261077881","0.5592794418334961","0.5592794418334961","0.5592794418334961","0.879331111907959","0.879331111907959","0.879331111907959","","","","","","","","","","","","","","","","","","","","","","","",""
"5.663233779608651","","","","","","","","","","","","","890","890","890","0.7605629563331604","0.7605629563331604","0.7605629563331604","0.5643638968467712","0.5643638968467712","0.5643638968467712","0.8818532228469849","0.8818532228469849","0.8818532228469849","","","","","","","","","","","","","","","","","","","","","","","",""
"5.703398558187436","","","","","","","","","","","","","925","925","925","0.769858717918396","0.769858717918396","0.769858717918396","0.5764597654342651","0.5764597654342651","0.5764597654342651","0.8855675458908081","0.8855675458908081","0.8855675458908081","","","","","","","","","","","","","","","","","","","","","","","",""
"5.74356333676622","","","","","","","","","","","","","946","946","946","0.7617959976196289","0.7617959976196289","0.7617959976196289","0.5684810876846313","0.5684810876846313","0.5684810876846313","0.8831576108932495","0.8831576108932495","0.8831576108932495","","","","","","","","","","","","","","","","","","","","","","","",""
"5.7837281153450055","","","","","","","","","","","","","968","968","968","0.7492650151252747","0.7492650151252747","0.7492650151252747","0.5512787103652954","0.5512787103652954","0.5512787103652954","0.8810456991195679","0.8810456991195679","0.8810456991195679","","","","","","","","","","","","","","","","","","","","","","","",""
"5.82389289392379","","","","","","","","","","","","","989","989","989","0.7518270611763","0.7518270611763","0.7518270611763","0.5465819835662842","0.5465819835662842","0.5465819835662842","0.8791182041168213","0.8791182041168213","0.8791182041168213","","","","","","","","","","","","","","","","","","","","","","","",""
"5.864057672502574","","","","","","","","","","","","","1011","1011","1011","0.7647286653518677","0.7647286653518677","0.7647286653518677","0.5806328058242798","0.5806328058242798","0.5806328058242798","0.8792336583137512","0.8792336583137512","0.8792336583137512","","","","","","","","","","","","","","","","","","","","","","","",""
"5.90422245108136","","","","","","","","","","","","","1032","1032","1032","0.7461245059967041","0.7461245059967041","0.7461245059967041","0.5377712845802307","0.5377712845802307","0.5377712845802307","0.8737515211105347","0.8737515211105347","0.8737515211105347","","","","","","","","","","","","","","","","","","","","","","","",""
"5.944387229660144","","","","","","","","","","","","","1054","1054","1054","0.7559326887130737","0.7559326887130737","0.7559326887130737","0.5612470507621765","0.5612470507621765","0.5612470507621765","0.8758240938186646","0.8758240938186646","0.8758240938186646","","","","","","","","","","","","","","","","","","","","","","","",""
"5.9845520082389285","","","","","","","","","","","","","1075","1075","1075","0.7678326964378357","0.7678326964378357","0.7678326964378357","0.5796175003051758","0.5796175003051758","0.5796175003051758","0.8807888627052307","0.8807888627052307","0.8807888627052307","","","","","","","","","","","","","","","","","","","","","","","",""
"6.024716786817714","13","13","13","0.7625885009765625","0.7625885009765625","0.7625885009765625","0.5649524927139282","0.5649524927139282","0.5649524927139282","0.8787288665771484","0.8787288665771484","0.8787288665771484","","","","","","","","","","","","","","","","","","","","","","","","","","","","","","","","","","","",""
"6.064881565396498","34","34","34","0.7707820534706116","0.7707820534706116","0.7707820534706116","0.6013782024383545","0.6013782024383545","0.6013782024383545","0.8808633089065552","0.8808633089065552","0.8808633089065552","","","","","","","","","","","","","","","","","","","","","","","","","","","","","","","","","","","",""
"6.105046343975284","56","56","56","0.7685819268226624","0.7685819268226624","0.7685819268226624","0.5962403416633606","0.5962403416633606","0.5962403416633606","0.8764585852622986","0.8764585852622986","0.8764585852622986","","","","","","","","","","","","","","","","","","","","","","","","","","","","","","","","","","","",""
"6.145211122554068","77","77","77","0.7608194947242737","0.7608194947242737","0.7608194947242737","0.5769229531288147","0.5769229531288147","0.5769229531288147","0.8766254782676697","0.8766254782676697","0.8766254782676697","","","","","","","","","","","","","","","","","","","","","","","","","","","","","","","","","","","",""
"6.185375901132852","99","99","99","0.7601097822189331","0.7601097822189331","0.7601097822189331","0.5781689882278442","0.5781689882278442","0.5781689882278442","0.8779752254486084","0.8779752254486084","0.8779752254486084","","","","","","","","","","","","","","","","","","","","","","","","","","","","","","","","","","","",""
"6.225540679711638","120","120","120","0.7721354961395264","0.7721354961395264","0.7721354961395264","0.6027504801750183","0.6027504801750183","0.6027504801750183","0.8765501976013184","0.8765501976013184","0.8765501976013184","","","","","","","","","","","","","","","","","","","","","","","","","","","","","","","","","","","",""
"6.265705458290422","142","142","142","0.774797797203064","0.774797797203064","0.774797797203064","0.5898959040641785","0.5898959040641785","0.5898959040641785","0.8852870464324951","0.8852870464324951","0.8852870464324951","","","","","","","","","","","","","","","","","","","","","","","","","","","","","","","","","","","",""
"6.3058702368692074","163","163","163","0.7572702169418335","0.7572702169418335","0.7572702169418335","0.5688288807868958","0.5688288807868958","0.5688288807868958","0.8765320181846619","0.8765320181846619","0.8765320181846619","","","","","","","","","","","","","","","","","","","","","","","","","","","","","","","","","","","",""
"6.346035015447992","185","185","185","0.7803678512573242","0.7803678512573242","0.7803678512573242","0.6071968674659729","0.6071968674659729","0.6071968674659729","0.885023295879364","0.885023295879364","0.885023295879364","","","","","","","","","","","","","","","","","","","","","","","","","","","","","","","","","","","",""
"6.386199794026776","206","206","206","0.7849900126457214","0.7849900126457214","0.7849900126457214","0.6197081208229065","0.6197081208229065","0.6197081208229065","0.8873906135559082","0.8873906135559082","0.8873906135559082","","","","","","","","","","","","","","","","","","","","","","","","","","","","","","","","","","","",""
"6.426364572605562","228","228","228","0.7673439979553223","0.7673439979553223","0.7673439979553223","0.5857959985733032","0.5857959985733032","0.5857959985733032","0.8820693492889404","0.8820693492889404","0.8820693492889404","","","","","","","","","","","","","","","","","","","","","","","","","","","","","","","","","","","",""
"6.466529351184346","249","249","249","0.7789822816848755","0.7789822816848755","0.7789822816848755","0.6123161315917969","0.6123161315917969","0.6123161315917969","0.8822974562644958","0.8822974562644958","0.8822974562644958","","","","","","","","","","","","","","","","","","","","","","","","","","","","","","","","","","","",""
"6.50669412976313","271","271","271","0.7736972570419312","0.7736972570419312","0.7736972570419312","0.5948716998100281","0.5948716998100281","0.5948716998100281","0.8798162341117859","0.8798162341117859","0.8798162341117859","","","","","","","","","","","","","","","","","","","","","","","","","","","","","","","","","","","",""
"6.546858908341916","292","292","292","0.7620528936386108","0.7620528936386108","0.7620528936386108","0.5771429538726807","0.5771429538726807","0.5771429538726807","0.8740328550338745","0.8740328550338745","0.8740328550338745","","","","","","","","","","","","","","","","","","","","","","","","","","","","","","","","","","","",""
"6.5870236869207","314","314","314","0.7554326057434082","0.7554326057434082","0.7554326057434082","0.5594229698181152","0.5594229698181152","0.5594229698181152","0.8809996843338013","0.8809996843338013","0.8809996843338013","","","","","","","","","","","","","","","","","","","","","","","","","","","","","","","","","","","",""
"6.627188465499485","335","335","335","0.7630231380462646","0.7630231380462646","0.7630231380462646","0.5759479999542236","0.5759479999542236","0.5759479999542236","0.8767867684364319","0.8767867684364319","0.8767867684364319","","","","","","","","","","","","","","","","","","","","","","","","","","","","","","","","","","","",""
"6.66735324407827","357","357","357","0.7705451250076294","0.7705451250076294","0.7705451250076294","0.5850499868392944","0.5850499868392944","0.5850499868392944","0.8858140110969543","0.8858140110969543","0.8858140110969543","","","","","","","","","","","","","","","","","","","","","","","","","","","","","","","","","","","",""
"6.707518022657054","378","378","378","0.7622541785240173","0.7622541785240173","0.7622541785240173","0.5833266973495483","0.5833266973495483","0.5833266973495483","0.8775450587272644","0.8775450587272644","0.8775450587272644","","","","","","","","","","","","","","","","","","","","","","","","","","","","","","","","","","","",""
"6.74768280123584","400","400","400","0.7594069242477417","0.7594069242477417","0.7594069242477417","0.5809640884399414","0.5809640884399414","0.5809640884399414","0.876917839050293","0.876917839050293","0.876917839050293","","","","","","","","","","","","","","","","","","","","","","","","","","","","","","","","","","","",""
"6.787847579814624","421","421","421","0.7681963443756104","0.7681963443756104","0.7681963443756104","0.5917218923568726","0.5917218923568726","0.5917218923568726","0.8816415071487427","0.8816415071487427","0.8816415071487427","","","","","","","","","","","","","","","","","","","","","","","","","","","","","","","","","","","",""
"6.8280123583934085","443","443","443","0.7545359134674072","0.7545359134674072","0.7545359134674072","0.5774592161178589","0.5774592161178589","0.5774592161178589","0.8730612397193909","0.8730612397193909","0.8730612397193909","","","","","","","","","","","","","","","","","","","","","","","","","","","","","","","","","","","",""
"6.868177136972194","464","464","464","0.759667158126831","0.759667158126831","0.759667158126831","0.5900111198425293","0.5900111198425293","0.5900111198425293","0.8754831552505493","0.8754831552505493","0.8754831552505493","","","","","","","","","","","","","","","","","","","","","","","","","","","","","","","","","","","",""
"6.908341915550978","486","486","486","0.7576145529747009","0.7576145529747009","0.7576145529747009","0.577955424785614","0.577955424785614","0.577955424785614","0.8743166923522949","0.8743166923522949","0.8743166923522949","","","","","","","","","","","","","","","","","","","","","","","","","","","","","","","","","","","",""
"6.9485066941297635","507","507","507","0.7738454341888428","0.7738454341888428","0.7738454341888428","0.6013869047164917","0.6013869047164917","0.6013869047164917","0.8822533488273621","0.8822533488273621","0.8822533488273621","","","","","","","","","","","","","","","","","","","","","","","","","","","","","","","","","","","",""
"6.988671472708548","529","529","529","0.7656840085983276","0.7656840085983276","0.7656840085983276","0.5908878445625305","0.5908878445625305","0.5908878445625305","0.8806334137916565","0.8806334137916565","0.8806334137916565","","","","","","","","","","","","","","","","","","","","","","","","","","","","","","","","","","","",""
"7.028836251287332","550","550","550","0.7800108790397644","0.7800108790397644","0.7800108790397644","0.618391752243042","0.618391752243042","0.618391752243042","0.884981632232666","0.884981632232666","0.884981632232666","","","","","","","","","","","","","","","","","","","","","","","","","","","","","","","","","","","",""
"7.069001029866118","572","572","572","0.7691795229911804","0.7691795229911804","0.7691795229911804","0.5936279296875","0.5936279296875","0.5936279296875","0.883716344833374","0.883716344833374","0.883716344833374","","","","","","","","","","","","","","","","","","","","","","","","","","","","","","","","","","","",""
"7.109165808444902","593","593","593","0.7797040939331055","0.7797040939331055","0.7797040939331055","0.6160827875137329","0.6160827875137329","0.6160827875137329","0.8848377466201782","0.8848377466201782","0.8848377466201782","","","","","","","","","","","","","","","","","","","","","","","","","","","","","","","","","","","",""
"7.1493305870236865","615","615","615","0.7689672708511353","0.7689672708511353","0.7689672708511353","0.5992884635925293","0.5992884635925293","0.5992884635925293","0.8797276616096497","0.8797276616096497","0.8797276616096497","","","","","","","","","","","","","","","","","","","","","","","","","","","","","","","","","","","",""
"7.189495365602472","636","636","636","0.7759047150611877","0.7759047150611877","0.7759047150611877","0.6169091463088989","0.6169091463088989","0.6169091463088989","0.8776254653930664","0.8776254653930664","0.8776254653930664","","","","","","","","","","","","","","","","","","","","","","","","","","","","","","","","","","","",""
"7.229660144181256","658","658","658","0.7683779001235962","0.7683779001235962","0.7683779001235962","0.605510413646698","0.605510413646698","0.605510413646698","0.8759135603904724","0.8759135603904724","0.8759135603904724","","","","","","","","","","","","","","","","","","","","","","","","","","","","","","","","","","","",""
"7.2698249227600416","679","679","679","0.7688453793525696","0.7688453793525696","0.7688453793525696","0.6055263876914978","0.6055263876914978","0.6055263876914978","0.874783992767334","0.874783992767334","0.874783992767334","","","","","","","","","","","","","","","","","","","","","","","","","","","","","","","","","","","",""
"7.309989701338826","701","701","701","0.7685288786888123","0.7685288786888123","0.7685288786888123","0.608876645565033","0.608876645565033","0.608876645565033","0.8702536821365356","0.8702536821365356","0.8702536821365356","","","","","","","","","","","","","","","","","","","","","","","","","","","","","","","","","","","",""
"7.35015447991761","722","722","722","0.7684367299079895","0.7684367299079895","0.7684367299079895","0.5985414385795593","0.5985414385795593","0.5985414385795593","0.8790916800498962","0.8790916800498962","0.8790916800498962","","","","","","","","","","","","","","","","","","","","","","","","","","","","","","","","","","","",""
"7.390319258496396","744","744","744","0.7614966630935669","0.7614966630935669","0.7614966630935669","0.6021634936332703","0.6021634936332703","0.6021634936332703","0.8734595775604248","0.8734595775604248","0.8734595775604248","","","","","","","","","","","","","","","","","","","","","","","","","","","","","","","","","","","",""
"7.43048403707518","765","765","765","0.7714192867279053","0.7714192867279053","0.7714192867279053","0.6157364249229431","0.6157364249229431","0.6157364249229431","0.872445285320282","0.872445285320282","0.872445285320282","","","","","","","","","","","","","","","","","","","","","","","","","","","","","","","","","","","",""
"7.4706488156539645","787","787","787","0.7754865884780884","0.7754865884780884","0.7754865884780884","0.6094000339508057","0.6094000339508057","0.6094000339508057","0.8789405226707458","0.8789405226707458","0.8789405226707458","","","","","","","","","","","","","","","","","","","","","","","","","","","","","","","","","","","",""
"7.51081359423275","808","808","808","0.7760044932365417","0.7760044932365417","0.7760044932365417","0.6219611763954163","0.6219611763954163","0.6219611763954163","0.8771058320999146","0.8771058320999146","0.8771058320999146","","","","","","","","","","","","","","","","","","","","","","","","","","","","","","","","","","","",""
"7.550978372811534","830","830","830","0.7684240341186523","0.7684240341186523","0.7684240341186523","0.6026210784912109","0.6026210784912109","0.6026210784912109","0.8787569403648376","0.8787569403648376","0.8787569403648376","","","","","","","","","","","","","","","","","","","","","","","","","","","","","","","","","","","",""
"7.59114315139032","851","851","851","0.7739473581314087","0.7739473581314087","0.7739473581314087","0.6172358989715576","0.6172358989715576","0.6172358989715576","0.8745670318603516","0.8745670318603516","0.8745670318603516","","","","","","","","","","","","","","","","","","","","","","","","","","","","","","","","","","","",""
"7.631307929969104","873","873","873","0.7775919437408447","0.7775919437408447","0.7775919437408447","0.6118197441101074","0.6118197441101074","0.6118197441101074","0.8835031986236572","0.8835031986236572","0.8835031986236572","","","","","","","","","","","","","","","","","","","","","","","","","","","","","","","","","","","",""
"7.671472708547888","894","894","894","0.7825109958648682","0.7825109958648682","0.7825109958648682","0.6297310590744019","0.6297310590744019","0.6297310590744019","0.8809613585472107","0.8809613585472107","0.8809613585472107","","","","","","","","","","","","","","","","","","","","","","","","","","","","","","","","","","","",""
"7.711637487126674","916","916","916","0.781639575958252","0.781639575958252","0.781639575958252","0.626388669013977","0.626388669013977","0.626388669013977","0.8827195763587952","0.8827195763587952","0.8827195763587952","","","","","","","","","","","","","","","","","","","","","","","","","","","","","","","","","","","",""
"7.751802265705458","937","937","937","0.7830830812454224","0.7830830812454224","0.7830830812454224","0.6254824995994568","0.6254824995994568","0.6254824995994568","0.8803528547286987","0.8803528547286987","0.8803528547286987","","","","","","","","","","","","","","","","","","","","","","","","","","","","","","","","","","","",""
"7.7919670442842435","959","959","959","0.7692492008209229","0.7692492008209229","0.7692492008209229","0.5979601144790649","0.5979601144790649","0.5979601144790649","0.8785747289657593","0.8785747289657593","0.8785747289657593","","","","","","","","","","","","","","","","","","","","","","","","","","","","","","","","","","","",""
"7.832131822863028","980","980","980","0.7935413122177124","0.7935413122177124","0.7935413122177124","0.6544800400733948","0.6544800400733948","0.6544800400733948","0.8807224035263062","0.8807224035263062","0.8807224035263062","","","","","","","","","","","","","","","","","","","","","","","","","","","","","","","","","","","",""
"7.872296601441812","1002","1002","1002","0.7832373380661011","0.7832373380661011","0.7832373380661011","0.6252645254135132","0.6252645254135132","0.6252645254135132","0.8820927739143372","0.8820927739143372","0.8820927739143372","","","","","","","","","","","","","","","","","","","","","","","","","","","","","","","","","","","",""
"7.912461380020598","1023","1023","1023","0.7823289632797241","0.7823289632797241","0.7823289632797241","0.6265405416488647","0.6265405416488647","0.6265405416488647","0.8819165825843811","0.8819165825843811","0.8819165825843811","","","","","","","","","","","","","","","","","","","","","","","","","","","","","","","","","","","",""
"7.952626158599382","1045","1045","1045","0.7730260491371155","0.7730260491371155","0.7730260491371155","0.6170876622200012","0.6170876622200012","0.6170876622200012","0.874045729637146","0.874045729637146","0.874045729637146","","","","","","","","","","","","","","","","","","","","","","","","","","","","","","","","","","","",""
"7.9927909371781665","1066","1066","1066","0.7747924327850342","0.7747924327850342","0.7747924327850342","0.6130517721176147","0.6130517721176147","0.6130517721176147","0.8788636922836304","0.8788636922836304","0.8788636922836304","","","","","","","","","","","","","","","","","","","","","","","","","","","","","","","","","","","",""
