"train/epoch","confused-sweep-23 - _step","confused-sweep-23 - _step__MIN","confused-sweep-23 - _step__MAX","confused-sweep-23 - eval/prefs/uncertainty_mean","confused-sweep-23 - eval/prefs/uncertainty_mean__MIN","confused-sweep-23 - eval/prefs/uncertainty_mean__MAX","polished-sweep-14 - _step","polished-sweep-14 - _step__MIN","polished-sweep-14 - _step__MAX","polished-sweep-14 - eval/prefs/uncertainty_mean","polished-sweep-14 - eval/prefs/uncertainty_mean__MIN","polished-sweep-14 - eval/prefs/uncertainty_mean__MAX","20250525-165710-unequaled-lark-148 - _step","20250525-165710-unequaled-lark-148 - _step__MIN","20250525-165710-unequaled-lark-148 - _step__MAX","20250525-165710-unequaled-lark-148 - eval/prefs/uncertainty_mean","20250525-165710-unequaled-lark-148 - eval/prefs/uncertainty_mean__MIN","20250525-165710-unequaled-lark-148 - eval/prefs/uncertainty_mean__MAX","20250525-165417-intelligent-colt-835 - _step","20250525-165417-intelligent-colt-835 - _step__MIN","20250525-165417-intelligent-colt-835 - _step__MAX","20250525-165417-intelligent-colt-835 - eval/prefs/uncertainty_mean","20250525-165417-intelligent-colt-835 - eval/prefs/uncertainty_mean__MIN","20250525-165417-intelligent-colt-835 - eval/prefs/uncertainty_mean__MAX","stellar-cherry-61 - _step","stellar-cherry-61 - _step__MIN","stellar-cherry-61 - _step__MAX","stellar-cherry-61 - eval/prefs/uncertainty_mean","stellar-cherry-61 - eval/prefs/uncertainty_mean__MIN","stellar-cherry-61 - eval/prefs/uncertainty_mean__MAX","morning-violet-3 - _step","morning-violet-3 - _step__MIN","morning-violet-3 - _step__MAX","morning-violet-3 - eval/prefs/uncertainty_mean","morning-violet-3 - eval/prefs/uncertainty_mean__MIN","morning-violet-3 - eval/prefs/uncertainty_mean__MAX"
"0.017176228100309172","","","","","","","","","","","","","","","","","","","","","","","","","9","9","9","0.9907446503639221","0.9907446503639221","0.9907446503639221","7","7","7","0.5689661502838135","0.5689661502838135","0.5689661502838135"
"0.034352456200618345","","","","","","","","","","","","","","","","","","","","","","","","","16","16","16","0.9863819479942322","0.9863819479942322","0.9863819479942322","14","14","14","0.4905247688293457","0.4905247688293457","0.4905247688293457"
"0.04016477857878476","","","","","","","","","","","","","20","20","20","0.6908072829246521","0.6908072829246521","0.6908072829246521","","","","","","","","","","","","","","","","","",""
"0.04016994978756277","","","","","","","","","","","","","","","","","","","20","20","20","0.7577189207077026","0.7577189207077026","0.7577189207077026","","","","","","","","","","","",""
"0.05152868430092752","","","","","","","","","","","","","","","","","","","","","","","","","23","23","23","0.952397346496582","0.952397346496582","0.952397346496582","21","21","21","0.42289674282073975","0.42289674282073975","0.42289674282073975"
"0.054945054945054944","102","102","102","0.7677596807479858","0.7677596807479858","0.7677596807479858","102","102","102","0.48377540707588196","0.48377540707588196","0.48377540707588196","","","","","","","","","","","","","","","","","","","","","","","",""
"0.06870491240123669","","","","","","","","","","","","","","","","","","","","","","","","","30","30","30","0.8934943079948425","0.8934943079948425","0.8934943079948425","28","28","28","0.34430497884750366","0.34430497884750366","0.34430497884750366"
"0.08032955715756952","","","","","","","","","","","","","42","42","42","0.6794065237045288","0.6794065237045288","0.6794065237045288","","","","","","","","","","","","","","","","","",""
"0.08033989957512554","","","","","","","","","","","","","","","","","","","42","42","42","0.6665549874305725","0.6665549874305725","0.6665549874305725","","","","","","","","","","","",""
"0.08588114050154586","","","","","","","","","","","","","","","","","","","","","","","","","37","37","37","0.8943027853965759","0.8943027853965759","0.8943027853965759","35","35","35","0.33737385272979736","0.33737385272979736","0.33737385272979736"
"0.10305736860185503","","","","","","","","","","","","","","","","","","","","","","","","","44","44","44","0.8835775256156921","0.8835775256156921","0.8835775256156921","42","42","42","0.31622573733329773","0.31622573733329773","0.31622573733329773"
"0.10989010989010989","205","205","205","0.6533403396606445","0.6533403396606445","0.6533403396606445","205","205","205","0.40564754605293274","0.40564754605293274","0.40564754605293274","","","","","","","","","","","","","","","","","","","","","","","",""
"0.1202335967021642","","","","","","","","","","","","","","","","","","","","","","","","","51","51","51","0.8456262350082397","0.8456262350082397","0.8456262350082397","49","49","49","0.279958039522171","0.279958039522171","0.279958039522171"
"0.12049433573635428","","","","","","","","","","","","","63","63","63","0.6630949378013611","0.6630949378013611","0.6630949378013611","","","","","","","","","","","","","","","","","",""
"0.1205098493626883","","","","","","","","","","","","","","","","","","","63","63","63","0.7293699383735657","0.7293699383735657","0.7293699383735657","","","","","","","","","","","",""
"0.13740982480247338","","","","","","","","","","","","","","","","","","","","","","","","","58","58","58","0.8342146277427673","0.8342146277427673","0.8342146277427673","56","56","56","0.27570706605911255","0.27570706605911255","0.27570706605911255"
"0.15458605290278254","","","","","","","","","","","","","","","","","","","","","","","","","65","65","65","0.7915133833885193","0.7915133833885193","0.7915133833885193","63","63","63","0.2479339987039566","0.2479339987039566","0.2479339987039566"
"0.16065911431513905","","","","","","","","","","","","","85","85","85","0.6559622287750244","0.6559622287750244","0.6559622287750244","","","","","","","","","","","","","","","","","",""
"0.16067979915025107","","","","","","","","","","","","","","","","","","","85","85","85","0.6643298268318176","0.6643298268318176","0.6643298268318176","","","","","","","","","","","",""
"0.16483516483516483","308","308","308","0.6098926663398743","0.6098926663398743","0.6098926663398743","308","308","308","0.3749502897262573","0.3749502897262573","0.3749502897262573","","","","","","","","","","","","","","","","","","","","","","","",""
"0.1717622810030917","","","","","","","","","","","","","","","","","","","","","","","","","72","72","72","0.7593686580657959","0.7593686580657959","0.7593686580657959","70","70","70","0.22308959066867828","0.22308959066867828","0.22308959066867828"
"0.1889385091034009","","","","","","","","","","","","","","","","","","","","","","","","","79","79","79","0.7815616726875305","0.7815616726875305","0.7815616726875305","77","77","77","0.23102596402168274","0.23102596402168274","0.23102596402168274"
"0.2008238928939238","","","","","","","","","","","","","106","106","106","0.6484647393226624","0.6484647393226624","0.6484647393226624","","","","","","","","","","","","","","","","","",""
"0.20084974893781382","","","","","","","","","","","","","","","","","","","106","106","106","0.6300764679908752","0.6300764679908752","0.6300764679908752","","","","","","","","","","","",""
"0.20611473720371007","","","","","","","","","","","","","","","","","","","","","","","","","86","86","86","0.6890305280685425","0.6890305280685425","0.6890305280685425","84","84","84","0.19588376581668854","0.19588376581668854","0.19588376581668854"
"0.21978021978021978","411","411","411","0.5802329778671265","0.5802329778671265","0.5802329778671265","411","411","411","0.35514241456985474","0.35514241456985474","0.35514241456985474","","","","","","","","","","","","","","","","","","","","","","","",""
"0.22329096530401923","","","","","","","","","","","","","","","","","","","","","","","","","93","93","93","0.7096459269523621","0.7096459269523621","0.7096459269523621","91","91","91","0.20431342720985413","0.20431342720985413","0.20431342720985413"
"0.2404671934043284","","","","","","","","","","","","","","","","","","","","","","","","","100","100","100","0.6830677390098572","0.6830677390098572","0.6830677390098572","98","98","98","0.18663759529590607","0.18663759529590607","0.18663759529590607"
"0.24098867147270855","","","","","","","","","","","","","128","128","128","0.6216272115707397","0.6216272115707397","0.6216272115707397","","","","","","","","","","","","","","","","","",""
"0.2410196987253766","","","","","","","","","","","","","","","","","","","128","128","128","0.6706185936927795","0.6706185936927795","0.6706185936927795","","","","","","","","","","","",""
"0.2576434215046376","","","","","","","","","","","","","","","","","","","","","","","","","107","107","107","0.6885465383529663","0.6885465383529663","0.6885465383529663","105","105","105","0.17783108353614807","0.17783108353614807","0.17783108353614807"
"0.27472527472527475","514","514","514","0.5575297474861145","0.5575297474861145","0.5575297474861145","514","514","514","0.3393838703632355","0.3393838703632355","0.3393838703632355","","","","","","","","","","","","","","","","","","","","","","","",""
"0.27481964960494676","","","","","","","","","","","","","","","","","","","","","","","","","114","114","114","0.7071252465248108","0.7071252465248108","0.7071252465248108","112","112","112","0.19468075037002563","0.19468075037002563","0.19468075037002563"
"0.2811534500514933","","","","","","","","","","","","","149","149","149","0.6104090213775635","0.6104090213775635","0.6104090213775635","","","","","","","","","","","","","","","","","",""
"0.28118964851293937","","","","","","","","","","","","","","","","","","","149","149","149","0.6077145934104919","0.6077145934104919","0.6077145934104919","","","","","","","","","","","",""
"0.2919958777052559","","","","","","","","","","","","","","","","","","","","","","","","","121","121","121","0.6874864101409912","0.6874864101409912","0.6874864101409912","119","119","119","0.18114367127418518","0.18114367127418518","0.18114367127418518"
"0.3091721058055651","","","","","","","","","","","","","","","","","","","","","","","","","128","128","128","0.698505163192749","0.698505163192749","0.698505163192749","126","126","126","0.18130232393741608","0.18130232393741608","0.18130232393741608"
"0.3213182286302781","","","","","","","","","","","","","171","171","171","0.6120972037315369","0.6120972037315369","0.6120972037315369","","","","","","","","","","","","","","","","","",""
"0.32135959830050215","","","","","","","","","","","","","","","","","","","171","171","171","0.5903526544570923","0.5903526544570923","0.5903526544570923","","","","","","","","","","","",""
"0.32634833390587425","","","","","","","","","","","","","","","","","","","","","","","","","135","135","135","0.6449450254440308","0.6449450254440308","0.6449450254440308","133","133","133","0.1614861637353897","0.1614861637353897","0.1614861637353897"
"0.32967032967032966","617","617","617","0.5424238443374634","0.5424238443374634","0.5424238443374634","617","617","617","0.32932421565055847","0.32932421565055847","0.32932421565055847","","","","","","","","","","","","","","","","","","","","","","","",""
"0.3435245620061834","","","","","","","","","","","","","","","","","","","","","","","","","142","142","142","0.6325839757919312","0.6325839757919312","0.6325839757919312","140","140","140","0.1474764198064804","0.1474764198064804","0.1474764198064804"
"0.36070079010649264","","","","","","","","","","","","","","","","","","","","","","","","","149","149","149","0.6768707036972046","0.6768707036972046","0.6768707036972046","147","147","147","0.16970860958099365","0.16970860958099365","0.16970860958099365"
"0.36148300720906285","","","","","","","","","","","","","192","192","192","0.6029883623123169","0.6029883623123169","0.6029883623123169","","","","","","","","","","","","","","","","","",""
"0.36152954808806487","","","","","","","","","","","","","","","","","","","192","192","192","0.6721802949905396","0.6721802949905396","0.6721802949905396","","","","","","","","","","","",""
"0.3778770182068018","","","","","","","","","","","","","","","","","","","","","","","","","156","156","156","0.643693745136261","0.643693745136261","0.643693745136261","154","154","154","0.1622917205095291","0.1622917205095291","0.1622917205095291"
"0.38461538461538464","720","720","720","0.5304274559020996","0.5304274559020996","0.5304274559020996","720","720","720","0.31968408823013306","0.31968408823013306","0.31968408823013306","","","","","","","","","","","","","","","","","","","","","","","",""
"0.395053246307111","","","","","","","","","","","","","","","","","","","","","","","","","163","163","163","0.6196341514587402","0.6196341514587402","0.6196341514587402","161","161","161","0.15527158975601196","0.15527158975601196","0.15527158975601196"
"0.4016477857878476","","","","","","","","","","","","","214","214","214","0.5886998772621155","0.5886998772621155","0.5886998772621155","","","","","","","","","","","","","","","","","",""
"0.40169949787562764","","","","","","","","","","","","","","","","","","","214","214","214","0.5743894577026367","0.5743894577026367","0.5743894577026367","","","","","","","","","","","",""
"0.41222947440742014","","","","","","","","","","","","","","","","","","","","","","","","","170","170","170","0.6378779411315918","0.6378779411315918","0.6378779411315918","168","168","168","0.15597489476203918","0.15597489476203918","0.15597489476203918"
"0.4294057025077293","","","","","","","","","","","","","","","","","","","","","","","","","177","177","177","0.6168144345283508","0.6168144345283508","0.6168144345283508","175","175","175","0.15314830839633942","0.15314830839633942","0.15314830839633942"
"0.43956043956043955","823","823","823","0.5155870914459229","0.5155870914459229","0.5155870914459229","823","823","823","0.31099653244018555","0.31099653244018555","0.31099653244018555","","","","","","","","","","","","","","","","","","","","","","","",""
"0.44181256436663235","","","","","","","","","","","","","235","235","235","0.5904689431190491","0.5904689431190491","0.5904689431190491","","","","","","","","","","","","","","","","","",""
"0.4418694476631904","","","","","","","","","","","","","","","","","","","235","235","235","0.5742828845977783","0.5742828845977783","0.5742828845977783","","","","","","","","","","","",""
"0.44658193060803847","","","","","","","","","","","","","","","","","","","","","","","","","184","184","184","0.6055507063865662","0.6055507063865662","0.6055507063865662","182","182","182","0.14634926617145538","0.14634926617145538","0.14634926617145538"
"0.46375815870834763","","","","","","","","","","","","","","","","","","","","","","","","","191","191","191","0.5737923383712769","0.5737923383712769","0.5737923383712769","189","189","189","0.14293694496154785","0.14293694496154785","0.14293694496154785"
"0.4809343868086568","","","","","","","","","","","","","","","","","","","","","","","","","198","198","198","0.5529999732971191","0.5529999732971191","0.5529999732971191","196","196","196","0.1300228089094162","0.1300228089094162","0.1300228089094162"
"0.4819773429454171","","","","","","","","","","","","","257","257","257","0.5760807991027832","0.5760807991027832","0.5760807991027832","","","","","","","","","","","","","","","","","",""
"0.4820393974507532","","","","","","","","","","","","","","","","","","","257","257","257","0.5879622101783752","0.5879622101783752","0.5879622101783752","","","","","","","","","","","",""
"0.4945054945054945","926","926","926","0.5035955905914307","0.5035955905914307","0.5035955905914307","926","926","926","0.3031553626060486","0.3031553626060486","0.3031553626060486","","","","","","","","","","","","","","","","","","","","","","","",""
"0.49811061490896597","","","","","","","","","","","","","","","","","","","","","","","","","205","205","205","0.6151939034461975","0.6151939034461975","0.6151939034461975","203","203","203","0.1437321901321411","0.1437321901321411","0.1437321901321411"
"0.5152868430092752","","","","","","","","","","","","","","","","","","","","","","","","","212","212","212","0.5835967063903809","0.5835967063903809","0.5835967063903809","210","210","210","0.1343279927968979","0.1343279927968979","0.1343279927968979"
"0.5221421215242018","","","","","","","","","","","","","278","278","278","0.5692558288574219","0.5692558288574219","0.5692558288574219","","","","","","","","","","","","","","","","","",""
"0.5222093472383159","","","","","","","","","","","","","","","","","","","278","278","278","0.5795339941978455","0.5795339941978455","0.5795339941978455","","","","","","","","","","","",""
"0.5324630711095844","","","","","","","","","","","","","","","","","","","","","","","","","219","219","219","0.5852601528167725","0.5852601528167725","0.5852601528167725","217","217","217","0.1361568719148636","0.1361568719148636","0.1361568719148636"
"0.5494505494505495","1029","1029","1029","0.493233323097229","0.493233323097229","0.493233323097229","1029","1029","1029","0.2957701086997986","0.2957701086997986","0.2957701086997986","","","","","","","","","","","","","","","","","","","","","","","",""
"0.5496392992098935","","","","","","","","","","","","","","","","","","","","","","","","","226","226","226","0.5777474641799927","0.5777474641799927","0.5777474641799927","224","224","224","0.1297706961631775","0.1297706961631775","0.1297706961631775"
"0.5623069001029866","","","","","","","","","","","","","300","300","300","0.5575464963912964","0.5575464963912964","0.5575464963912964","","","","","","","","","","","","","","","","","",""
"0.5623792970258787","","","","","","","","","","","","","","","","","","","300","300","300","0.5710582733154297","0.5710582733154297","0.5710582733154297","","","","","","","","","","","",""
"0.5668155273102027","","","","","","","","","","","","","","","","","","","","","","","","","233","233","233","0.5390861630439758","0.5390861630439758","0.5390861630439758","231","231","231","0.11857502162456512","0.11857502162456512","0.11857502162456512"
"0.5839917554105118","","","","","","","","","","","","","","","","","","","","","","","","","240","240","240","0.5925622582435608","0.5925622582435608","0.5925622582435608","238","238","238","0.1347174346446991","0.1347174346446991","0.1347174346446991"
"0.601167983510821","","","","","","","","","","","","","","","","","","","","","","","","","247","247","247","0.5619124174118042","0.5619124174118042","0.5619124174118042","245","245","245","0.1233522966504097","0.1233522966504097","0.1233522966504097"
"0.6024716786817713","","","","","","","","","","","","","321","321","321","0.5619577765464783","0.5619577765464783","0.5619577765464783","","","","","","","","","","","","","","","","","",""
"0.6025492468134415","","","","","","","","","","","","","","","","","","","321","321","321","0.5613590478897095","0.5613590478897095","0.5613590478897095","","","","","","","","","","","",""
"0.6043956043956044","1132","1132","1132","0.4890672564506531","0.4890672564506531","0.4890672564506531","1132","1132","1132","0.2914423942565918","0.2914423942565918","0.2914423942565918","","","","","","","","","","","","","","","","","","","","","","","",""
"0.6183442116111302","","","","","","","","","","","","","","","","","","","","","","","","","254","254","254","0.5780469179153442","0.5780469179153442","0.5780469179153442","252","252","252","0.1333007961511612","0.1333007961511612","0.1333007961511612"
"0.6355204397114393","","","","","","","","","","","","","","","","","","","","","","","","","261","261","261","0.5419748425483704","0.5419748425483704","0.5419748425483704","259","259","259","0.11861607432365417","0.11861607432365417","0.11861607432365417"
"0.6426364572605562","","","","","","","","","","","","","343","343","343","0.5484516024589539","0.5484516024589539","0.5484516024589539","","","","","","","","","","","","","","","","","",""
"0.6427191966010043","","","","","","","","","","","","","","","","","","","343","343","343","0.535547137260437","0.535547137260437","0.535547137260437","","","","","","","","","","","",""
"0.6526966678117485","","","","","","","","","","","","","","","","","","","","","","","","","268","268","268","0.5512943863868713","0.5512943863868713","0.5512943863868713","266","266","266","0.12039987742900848","0.12039987742900848","0.12039987742900848"
"0.6593406593406593","1235","1235","1235","0.4782479703426361","0.4782479703426361","0.4782479703426361","1235","1235","1235","0.2881591320037842","0.2881591320037842","0.2881591320037842","","","","","","","","","","","","","","","","","","","","","","","",""
"0.6698728959120577","","","","","","","","","","","","","","","","","","","","","","","","","275","275","275","0.5519221425056458","0.5519221425056458","0.5519221425056458","273","273","273","0.11425222456455231","0.11425222456455231","0.11425222456455231"
"0.6828012358393409","","","","","","","","","","","","","364","364","364","0.536177396774292","0.536177396774292","0.536177396774292","","","","","","","","","","","","","","","","","",""
"0.682889146388567","","","","","","","","","","","","","","","","","","","364","364","364","0.5009691715240479","0.5009691715240479","0.5009691715240479","","","","","","","","","","","",""
"0.6870491240123668","","","","","","","","","","","","","","","","","","","","","","","","","282","282","282","0.5644353032112122","0.5644353032112122","0.5644353032112122","280","280","280","0.1245293989777565","0.1245293989777565","0.1245293989777565"
"0.704225352112676","","","","","","","","","","","","","","","","","","","","","","","","","289","289","289","0.5175021886825562","0.5175021886825562","0.5175021886825562","287","287","287","0.107673279941082","0.107673279941082","0.107673279941082"
"0.7142857142857143","1338","1338","1338","0.4731651544570923","0.4731651544570923","0.4731651544570923","1338","1338","1338","0.2818959653377533","0.2818959653377533","0.2818959653377533","","","","","","","","","","","","","","","","","","","","","","","",""
"0.7214015802129853","","","","","","","","","","","","","","","","","","","","","","","","","296","296","296","0.5090550780296326","0.5090550780296326","0.5090550780296326","294","294","294","0.10607711970806122","0.10607711970806122","0.10607711970806122"
"0.7229660144181257","","","","","","","","","","","","","386","386","386","0.5236622095108032","0.5236622095108032","0.5236622095108032","","","","","","","","","","","","","","","","","",""
"0.7230590961761297","","","","","","","","","","","","","","","","","","","386","386","386","0.5491591095924377","0.5491591095924377","0.5491591095924377","","","","","","","","","","","",""
"0.7385778083132944","","","","","","","","","","","","","","","","","","","","","","","","","303","303","303","0.5199847221374512","0.5199847221374512","0.5199847221374512","301","301","301","0.1121491864323616","0.1121491864323616","0.1121491864323616"
"0.7557540364136036","","","","","","","","","","","","","","","","","","","","","","","","","310","310","310","0.4842316806316376","0.4842316806316376","0.4842316806316376","308","308","308","0.10114085674285889","0.10114085674285889","0.10114085674285889"
"0.7631307929969104","","","","","","","","","","","","","407","407","407","0.5417860746383667","0.5417860746383667","0.5417860746383667","","","","","","","","","","","","","","","","","",""
"0.7632290459636926","","","","","","","","","","","","","","","","","","","407","407","407","0.5309921503067017","0.5309921503067017","0.5309921503067017","","","","","","","","","","","",""
"0.7692307692307693","1441","1441","1441","0.46472206711769104","0.46472206711769104","0.46472206711769104","1441","1441","1441","0.2779754400253296","0.2779754400253296","0.2779754400253296","","","","","","","","","","","","","","","","","","","","","","","",""
"0.7729302645139128","","","","","","","","","","","","","","","","","","","","","","","","","317","317","317","0.5208930373191833","0.5208930373191833","0.5208930373191833","315","315","315","0.10995186865329742","0.10995186865329742","0.10995186865329742"
"0.790106492614222","","","","","","","","","","","","","","","","","","","","","","","","","324","324","324","0.4976983070373535","0.4976983070373535","0.4976983070373535","322","322","322","0.10622074455022812","0.10622074455022812","0.10622074455022812"
"0.8032955715756952","","","","","","","","","","","","","429","429","429","0.5102876424789429","0.5102876424789429","0.5102876424789429","","","","","","","","","","","","","","","","","",""
"0.8033989957512553","","","","","","","","","","","","","","","","","","","429","429","429","0.5485153198242188","0.5485153198242188","0.5485153198242188","","","","","","","","","","","",""
"0.8072827207145311","","","","","","","","","","","","","","","","","","","","","","","","","331","331","331","0.4929700493812561","0.4929700493812561","0.4929700493812561","329","329","329","0.10390345007181168","0.10390345007181168","0.10390345007181168"
"0.8241758241758241","1544","1544","1544","0.4596897065639496","0.4596897065639496","0.4596897065639496","1544","1544","1544","0.2766304910182953","0.2766304910182953","0.2766304910182953","","","","","","","","","","","","","","","","","","","","","","","",""
"0.8244589488148403","","","","","","","","","","","","","","","","","","","","","","","","","338","338","338","0.5057730674743652","0.5057730674743652","0.5057730674743652","336","336","336","0.10183610767126083","0.10183610767126083","0.10183610767126083"
"0.8416351769151494","","","","","","","","","","","","","","","","","","","","","","","","","345","345","345","0.4730120897293091","0.4730120897293091","0.4730120897293091","343","343","343","0.09679640084505081","0.09679640084505081","0.09679640084505081"
"0.84346035015448","","","","","","","","","","","","","450","450","450","0.5334183573722839","0.5334183573722839","0.5334183573722839","","","","","","","","","","","","","","","","","",""
"0.8435689455388181","","","","","","","","","","","","","","","","","","","450","450","450","0.5031275749206543","0.5031275749206543","0.5031275749206543","","","","","","","","","","","",""
"0.8588114050154586","","","","","","","","","","","","","","","","","","","","","","","","","352","352","352","0.46208569407463074","0.46208569407463074","0.46208569407463074","350","350","350","0.0957106426358223","0.0957106426358223","0.0957106426358223"
"0.8759876331157678","","","","","","","","","","","","","","","","","","","","","","","","","359","359","359","0.49859195947647095","0.49859195947647095","0.49859195947647095","357","357","357","0.10266730934381485","0.10266730934381485","0.10266730934381485"
"0.8791208791208791","1647","1647","1647","0.4534962773323059","0.4534962773323059","0.4534962773323059","1647","1647","1647","0.270426869392395","0.270426869392395","0.270426869392395","","","","","","","","","","","","","","","","","","","","","","","",""
"0.8836251287332647","","","","","","","","","","","","","472","472","472","0.5313019156455994","0.5313019156455994","0.5313019156455994","","","","","","","","","","","","","","","","","",""
"0.8837388953263808","","","","","","","","","","","","","","","","","","","472","472","472","0.5305933952331543","0.5305933952331543","0.5305933952331543","","","","","","","","","","","",""
"0.8931638612160769","","","","","","","","","","","","","","","","","","","","","","","","","366","366","366","0.4757341742515564","0.4757341742515564","0.4757341742515564","364","364","364","0.09512554109096527","0.09512554109096527","0.09512554109096527"
"0.9103400893163861","","","","","","","","","","","","","","","","","","","","","","","","","373","373","373","0.4940066635608673","0.4940066635608673","0.4940066635608673","371","371","371","0.09577345103025436","0.09577345103025436","0.09577345103025436"
"0.9237899073120495","","","","","","","","","","","","","493","493","493","0.5412484407424927","0.5412484407424927","0.5412484407424927","","","","","","","","","","","","","","","","","",""
"0.9239088451139436","","","","","","","","","","","","","","","","","","","493","493","493","0.5358892679214478","0.5358892679214478","0.5358892679214478","","","","","","","","","","","",""
"0.9275163174166953","","","","","","","","","","","","","","","","","","","","","","","","","380","380","380","0.47620928287506104","0.47620928287506104","0.47620928287506104","378","378","378","0.09601131081581116","0.09601131081581116","0.09601131081581116"
"0.9340659340659341","1750","1750","1750","0.44719547033309937","0.44719547033309937","0.44719547033309937","1750","1750","1750","0.26880744099617004","0.26880744099617004","0.26880744099617004","","","","","","","","","","","","","","","","","","","","","","","",""
"0.9446925455170044","","","","","","","","","","","","","","","","","","","","","","","","","387","387","387","0.45586034655570984","0.45586034655570984","0.45586034655570984","385","385","385","0.09023801982402802","0.09023801982402802","0.09023801982402802"
"0.9618687736173136","","","","","","","","","","","","","","","","","","","","","","","","","394","394","394","0.48166999220848083","0.48166999220848083","0.48166999220848083","392","392","392","0.09630503505468369","0.09630503505468369","0.09630503505468369"
"0.9639546858908342","","","","","","","","","","","","","515","515","515","0.5420042276382446","0.5420042276382446","0.5420042276382446","","","","","","","","","","","","","","","","","",""
"0.9640787949015064","","","","","","","","","","","","","","","","","","","515","515","515","0.5107471346855164","0.5107471346855164","0.5107471346855164","","","","","","","","","","","",""
"0.9790450017176228","","","","","","","","","","","","","","","","","","","","","","","","","401","401","401","0.4805552363395691","0.4805552363395691","0.4805552363395691","399","399","399","0.09287113696336746","0.09287113696336746","0.09287113696336746"
"0.989010989010989","1853","1853","1853","0.44500672817230225","0.44500672817230225","0.44500672817230225","1853","1853","1853","0.2668682932853699","0.2668682932853699","0.2668682932853699","","","","","","","","","","","","","","","","","","","","","","","",""
"0.9962212298179319","","","","","","","","","","","","","","","","","","","","","","","","","408","408","408","0.4709612727165222","0.4709612727165222","0.4709612727165222","406","406","406","0.09258817136287689","0.09258817136287689","0.09258817136287689"
"1.004119464469619","","","","","","","","","","","","","536","536","536","0.5529063940048218","0.5529063940048218","0.5529063940048218","","","","","","","","","","","","","","","","","",""
"1.0041199948500064","","","","","","","","","","","","","","","","","","","536","536","536","0.5127268433570862","0.5127268433570862","0.5127268433570862","","","","","","","","","","","",""
"1.0133974579182412","","","","","","","","","","","","","","","","","","","","","","","","","415","415","415","0.47527632117271423","0.47527632117271423","0.47527632117271423","413","413","413","0.09614355862140656","0.09614355862140656","0.09614355862140656"
"1.0305736860185504","","","","","","","","","","","","","","","","","","","","","","","","","422","422","422","0.457914799451828","0.457914799451828","0.457914799451828","420","420","420","0.09083397686481476","0.09083397686481476","0.09083397686481476"
"1.043956043956044","1956","1956","1956","0.43991199135780334","0.43991199135780334","0.43991199135780334","1956","1956","1956","0.2653859555721283","0.2653859555721283","0.2653859555721283","","","","","","","","","","","","","","","","","","","","","","","",""
"1.0442842430484036","","","","","","","","","","","","","558","558","558","0.5201807618141174","0.5201807618141174","0.5201807618141174","","","","","","","","","","","","","","","","","",""
"1.0442899446375693","","","","","","","","","","","","","","","","","","","558","558","558","0.4283502399921417","0.4283502399921417","0.4283502399921417","","","","","","","","","","","",""
"1.0477499141188595","","","","","","","","","","","","","","","","","","","","","","","","","429","429","429","0.459268718957901","0.459268718957901","0.459268718957901","427","427","427","0.09228023141622543","0.09228023141622543","0.09228023141622543"
"1.0649261422191687","","","","","","","","","","","","","","","","","","","","","","","","","436","436","436","0.4553277790546417","0.4553277790546417","0.4553277790546417","434","434","434","0.08940659463405609","0.08940659463405609","0.08940659463405609"
"1.0821023703194779","","","","","","","","","","","","","","","","","","","","","","","","","443","443","443","0.4650675356388092","0.4650675356388092","0.4650675356388092","441","441","441","0.08870317786931992","0.08870317786931992","0.08870317786931992"
"1.0844490216271885","","","","","","","","","","","","","579","579","579","0.5304079651832581","0.5304079651832581","0.5304079651832581","","","","","","","","","","","","","","","","","",""
"1.084459894425132","","","","","","","","","","","","","","","","","","","579","579","579","0.4558960199356079","0.4558960199356079","0.4558960199356079","","","","","","","","","","","",""
"1.098901098901099","2059","2059","2059","0.4359268546104431","0.4359268546104431","0.4359268546104431","2059","2059","2059","0.2630684971809387","0.2630684971809387","0.2630684971809387","","","","","","","","","","","","","","","","","","","","","","","",""
"1.099278598419787","","","","","","","","","","","","","","","","","","","","","","","","","450","450","450","0.4528502821922302","0.4528502821922302","0.4528502821922302","448","448","448","0.09024021774530411","0.09024021774530411","0.09024021774530411"
"1.1164548265200962","","","","","","","","","","","","","","","","","","","","","","","","","457","457","457","0.4178007245063782","0.4178007245063782","0.4178007245063782","455","455","455","0.083210788667202","0.083210788667202","0.083210788667202"
"1.1246138002059731","","","","","","","","","","","","","601","601","601","0.5082020163536072","0.5082020163536072","0.5082020163536072","","","","","","","","","","","","","","","","","",""
"1.1246298442126947","","","","","","","","","","","","","","","","","","","601","601","601","0.4097799062728882","0.4097799062728882","0.4097799062728882","","","","","","","","","","","",""
"1.1336310546204054","","","","","","","","","","","","","","","","","","","","","","","","","464","464","464","0.4256337881088257","0.4256337881088257","0.4256337881088257","462","462","462","0.08027774840593338","0.08027774840593338","0.08027774840593338"
"1.1508072827207145","","","","","","","","","","","","","","","","","","","","","","","","","471","471","471","0.4314790368080139","0.4314790368080139","0.4314790368080139","469","469","469","0.08289368450641632","0.08289368450641632","0.08289368450641632"
"1.1538461538461537","2162","2162","2162","0.43049612641334534","0.43049612641334534","0.43049612641334534","2162","2162","2162","0.26144006848335266","0.26144006848335266","0.26144006848335266","","","","","","","","","","","","","","","","","","","","","","","",""
"1.164778578784758","","","","","","","","","","","","","622","622","622","0.5317625999450684","0.5317625999450684","0.5317625999450684","","","","","","","","","","","","","","","","","",""
"1.1647997940002575","","","","","","","","","","","","","","","","","","","622","622","622","0.4134431481361389","0.4134431481361389","0.4134431481361389","","","","","","","","","","","",""
"1.1679835108210237","","","","","","","","","","","","","","","","","","","","","","","","","478","478","478","0.44114193320274353","0.44114193320274353","0.44114193320274353","476","476","476","0.08899743109941483","0.08899743109941483","0.08899743109941483"
"1.1851597389213329","","","","","","","","","","","","","","","","","","","","","","","","","485","485","485","0.42919549345970154","0.42919549345970154","0.42919549345970154","483","483","483","0.08374100923538208","0.08374100923538208","0.08374100923538208"
"1.202335967021642","","","","","","","","","","","","","","","","","","","","","","","","","492","492","492","0.42034512758255005","0.42034512758255005","0.42034512758255005","490","490","490","0.08143642544746399","0.08143642544746399","0.08143642544746399"
"1.2049433573635429","","","","","","","","","","","","","644","644","644","0.5074173212051392","0.5074173212051392","0.5074173212051392","","","","","","","","","","","","","","","","","",""
"1.2049697437878202","","","","","","","","","","","","","","","","","","","644","644","644","0.4105987846851349","0.4105987846851349","0.4105987846851349","","","","","","","","","","","",""
"1.2087912087912087","2265","2265","2265","0.4258350133895874","0.4258350133895874","0.4258350133895874","2265","2265","2265","0.2570347785949707","0.2570347785949707","0.2570347785949707","","","","","","","","","","","","","","","","","","","","","","","",""
"1.2195121951219512","","","","","","","","","","","","","","","","","","","","","","","","","499","499","499","0.4307655990123749","0.4307655990123749","0.4307655990123749","497","497","497","0.08469461649656296","0.08469461649656296","0.08469461649656296"
"1.2366884232222604","","","","","","","","","","","","","","","","","","","","","","","","","506","506","506","0.42585617303848267","0.42585617303848267","0.42585617303848267","504","504","504","0.08444935083389282","0.08444935083389282","0.08444935083389282"
"1.2451081359423275","","","","","","","","","","","","","665","665","665","0.4951852560043335","0.4951852560043335","0.4951852560043335","","","","","","","","","","","","","","","","","",""
"1.2451396935753831","","","","","","","","","","","","","","","","","","","665","665","665","0.39189624786376953","0.39189624786376953","0.39189624786376953","","","","","","","","","","","",""
"1.2538646513225695","","","","","","","","","","","","","","","","","","","","","","","","","513","513","513","0.43305471539497375","0.43305471539497375","0.43305471539497375","511","511","511","0.08552704006433487","0.08552704006433487","0.08552704006433487"
"1.2637362637362637","2368","2368","2368","0.42325252294540405","0.42325252294540405","0.42325252294540405","2368","2368","2368","0.2545526623725891","0.2545526623725891","0.2545526623725891","","","","","","","","","","","","","","","","","","","","","","","",""
"1.2710408794228787","","","","","","","","","","","","","","","","","","","","","","","","","520","520","520","0.4334510564804077","0.4334510564804077","0.4334510564804077","518","518","518","0.08770763128995895","0.08770763128995895","0.08770763128995895"
"1.2852729145211121","","","","","","","","","","","","","687","687","687","0.5068687796592712","0.5068687796592712","0.5068687796592712","","","","","","","","","","","","","","","","","",""
"1.2853096433629458","","","","","","","","","","","","","","","","","","","687","687","687","0.4371092915534973","0.4371092915534973","0.4371092915534973","","","","","","","","","","","",""
"1.2882171075231879","","","","","","","","","","","","","","","","","","","","","","","","","527","527","527","0.4286157488822937","0.4286157488822937","0.4286157488822937","525","525","525","0.08310643583536148","0.08310643583536148","0.08310643583536148"
"1.305393335623497","","","","","","","","","","","","","","","","","","","","","","","","","534","534","534","0.422921359539032","0.422921359539032","0.422921359539032","532","532","532","0.08195673674345016","0.08195673674345016","0.08195673674345016"
"1.3186813186813187","2471","2471","2471","0.41718822717666626","0.41718822717666626","0.41718822717666626","2471","2471","2471","0.2515605688095093","0.2515605688095093","0.2515605688095093","","","","","","","","","","","","","","","","","","","","","","","",""
"1.3225695637238062","","","","","","","","","","","","","","","","","","","","","","","","","541","541","541","0.40503209829330444","0.40503209829330444","0.40503209829330444","539","539","539","0.07880642265081406","0.07880642265081406","0.07880642265081406"
"1.325437693099897","","","","","","","","","","","","","708","708","708","0.5188965797424316","0.5188965797424316","0.5188965797424316","","","","","","","","","","","","","","","","","",""
"1.3254795931505086","","","","","","","","","","","","","","","","","","","708","708","708","0.4244571626186371","0.4244571626186371","0.4244571626186371","","","","","","","","","","","",""
"1.3397457918241154","","","","","","","","","","","","","","","","","","","","","","","","","548","548","548","0.39926886558532715","0.39926886558532715","0.39926886558532715","546","546","546","0.0791098028421402","0.0791098028421402","0.0791098028421402"
"1.3569220199244245","","","","","","","","","","","","","","","","","","","","","","","","","555","555","555","0.40601882338523865","0.40601882338523865","0.40601882338523865","553","553","553","0.07931793481111526","0.07931793481111526","0.07931793481111526"
"1.3656024716786819","","","","","","","","","","","","","730","730","730","0.49895358085632324","0.49895358085632324","0.49895358085632324","","","","","","","","","","","","","","","","","",""
"1.3656495429380713","","","","","","","","","","","","","","","","","","","730","730","730","0.4071671664714813","0.4071671664714813","0.4071671664714813","","","","","","","","","","","",""
"1.3736263736263736","2574","2574","2574","0.4164777994155884","0.4164777994155884","0.4164777994155884","2574","2574","2574","0.25206196308135986","0.25206196308135986","0.25206196308135986","","","","","","","","","","","","","","","","","","","","","","","",""
"1.3740982480247337","","","","","","","","","","","","","","","","","","","","","","","","","562","562","562","0.38414913415908813","0.38414913415908813","0.38414913415908813","560","560","560","0.07640690356492996","0.07640690356492996","0.07640690356492996"
"1.391274476125043","","","","","","","","","","","","","","","","","","","","","","","","","569","569","569","0.39178267121315","0.39178267121315","0.39178267121315","567","567","567","0.0776604488492012","0.0776604488492012","0.0776604488492012"
"1.4057672502574665","","","","","","","","","","","","","751","751","751","0.4827008843421936","0.4827008843421936","0.4827008843421936","","","","","","","","","","","","","","","","","",""
"1.4058194927256342","","","","","","","","","","","","","","","","","","","751","751","751","0.40136614441871643","0.40136614441871643","0.40136614441871643","","","","","","","","","","","",""
"1.408450704225352","","","","","","","","","","","","","","","","","","","","","","","","","576","576","576","0.3950516879558563","0.3950516879558563","0.3950516879558563","574","574","574","0.07581593096256256","0.07581593096256256","0.07581593096256256"
"1.4256269323256614","","","","","","","","","","","","","","","","","","","","","","","","","583","583","583","0.38424986600875854","0.38424986600875854","0.38424986600875854","581","581","581","0.07575461268424988","0.07575461268424988","0.07575461268424988"
"1.4285714285714286","2677","2677","2677","0.4124872386455536","0.4124872386455536","0.4124872386455536","2677","2677","2677","0.24989786744117737","0.24989786744117737","0.24989786744117737","","","","","","","","","","","","","","","","","","","","","","","",""
"1.4428031604259703","","","","","","","","","","","","","","","","","","","","","","","","","590","590","590","0.3948633372783661","0.3948633372783661","0.3948633372783661","588","588","588","0.07546041905879974","0.07546041905879974","0.07546041905879974"
"1.4459320288362512","","","","","","","","","","","","","773","773","773","0.4923182725906372","0.4923182725906372","0.4923182725906372","","","","","","","","","","","","","","","","","",""
"1.4459894425131967","","","","","","","","","","","","","","","","","","","773","773","773","0.41563430428504944","0.41563430428504944","0.41563430428504944","","","","","","","","","","","",""
"1.4599793885262797","","","","","","","","","","","","","","","","","","","","","","","","","597","597","597","0.3879625201225281","0.3879625201225281","0.3879625201225281","595","595","595","0.07406885176897049","0.07406885176897049","0.07406885176897049"
"1.4771556166265887","","","","","","","","","","","","","","","","","","","","","","","","","604","604","604","0.39371824264526367","0.39371824264526367","0.39371824264526367","602","602","602","0.07605113834142685","0.07605113834142685","0.07605113834142685"
"1.4835164835164836","2780","2780","2780","0.40878209471702576","0.40878209471702576","0.40878209471702576","2780","2780","2780","0.2485327422618866","0.2485327422618866","0.2485327422618866","","","","","","","","","","","","","","","","","","","","","","","",""
"1.486096807415036","","","","","","","","","","","","","794","794","794","0.4905606806278229","0.4905606806278229","0.4905606806278229","","","","","","","","","","","","","","","","","",""
"1.4861593923007597","","","","","","","","","","","","","","","","","","","794","794","794","0.39835256338119507","0.39835256338119507","0.39835256338119507","","","","","","","","","","","",""
"1.494331844726898","","","","","","","","","","","","","","","","","","","","","","","","","611","611","611","0.38071781396865845","0.38071781396865845","0.38071781396865845","609","609","609","0.07242519408464432","0.07242519408464432","0.07242519408464432"
"1.511508072827207","","","","","","","","","","","","","","","","","","","","","","","","","618","618","618","0.37756943702697754","0.37756943702697754","0.37756943702697754","616","616","616","0.0733119398355484","0.0733119398355484","0.0733119398355484"
"1.526261585993821","","","","","","","","","","","","","816","816","816","0.49280765652656555","0.49280765652656555","0.49280765652656555","","","","","","","","","","","","","","","","","",""
"1.5263293420883224","","","","","","","","","","","","","","","","","","","816","816","816","0.3970020115375519","0.3970020115375519","0.3970020115375519","","","","","","","","","","","",""
"1.5286843009275164","","","","","","","","","","","","","","","","","","","","","","","","","625","625","625","0.3802357614040375","0.3802357614040375","0.3802357614040375","623","623","623","0.0740276575088501","0.0740276575088501","0.0740276575088501"
"1.5384615384615383","2883","2883","2883","0.4092104434967041","0.4092104434967041","0.4092104434967041","2883","2883","2883","0.2457452267408371","0.2457452267408371","0.2457452267408371","","","","","","","","","","","","","","","","","","","","","","","",""
"1.5458605290278253","","","","","","","","","","","","","","","","","","","","","","","","","632","632","632","0.3778003752231598","0.3778003752231598","0.3778003752231598","630","630","630","0.076263427734375","0.076263427734375","0.076263427734375"
"1.5630367571281347","","","","","","","","","","","","","","","","","","","","","","","","","639","639","639","0.3923189640045166","0.3923189640045166","0.3923189640045166","637","637","637","0.07677479088306427","0.07677479088306427","0.07677479088306427"
"1.5664263645726055","","","","","","","","","","","","","837","837","837","0.46767449378967285","0.46767449378967285","0.46767449378967285","","","","","","","","","","","","","","","","","",""
"1.566499291875885","","","","","","","","","","","","","","","","","","","837","837","837","0.41600722074508667","0.41600722074508667","0.41600722074508667","","","","","","","","","","","",""
"1.5802129852284437","","","","","","","","","","","","","","","","","","","","","","","","","646","646","646","0.3894645869731903","0.3894645869731903","0.3894645869731903","644","644","644","0.0749412551522255","0.0749412551522255","0.0749412551522255"
"1.5934065934065935","2986","2986","2986","0.40615397691726685","0.40615397691726685","0.40615397691726685","2986","2986","2986","0.24499553442001343","0.24499553442001343","0.24499553442001343","","","","","","","","","","","","","","","","","","","","","","","",""
"1.597389213328753","","","","","","","","","","","","","","","","","","","","","","","","","653","653","653","0.3942303955554962","0.3942303955554962","0.3942303955554962","651","651","651","0.07272882759571075","0.07272882759571075","0.07272882759571075"
"1.6065911431513902","","","","","","","","","","","","","859","859","859","0.48056474328041077","0.48056474328041077","0.48056474328041077","","","","","","","","","","","","","","","","","",""
"1.606669241663448","","","","","","","","","","","","","","","","","","","859","859","859","0.4294299781322479","0.4294299781322479","0.4294299781322479","","","","","","","","","","","",""
"1.6145654414290622","","","","","","","","","","","","","","","","","","","","","","","","","660","660","660","0.38997700810432434","0.38997700810432434","0.38997700810432434","658","658","658","0.07424728572368622","0.07424728572368622","0.07424728572368622"
"1.6317416695293714","","","","","","","","","","","","","","","","","","","","","","","","","667","667","667","0.39184609055519104","0.39184609055519104","0.39184609055519104","665","665","665","0.07388386875391006","0.07388386875391006","0.07388386875391006"
"1.646755921730175","","","","","","","","","","","","","880","880","880","0.48658090829849243","0.48658090829849243","0.48658090829849243","","","","","","","","","","","","","","","","","",""
"1.6468391914510105","","","","","","","","","","","","","","","","","","","880","880","880","0.40591076016426086","0.40591076016426086","0.40591076016426086","","","","","","","","","","","",""
"1.6483516483516483","3089","3089","3089","0.40430715680122375","0.40430715680122375","0.40430715680122375","3089","3089","3089","0.24205005168914795","0.24205005168914795","0.24205005168914795","","","","","","","","","","","","","","","","","","","","","","","",""
"1.6489178976296806","","","","","","","","","","","","","","","","","","","","","","","","","674","674","674","0.38615214824676514","0.38615214824676514","0.38615214824676514","672","672","672","0.07244415581226349","0.07244415581226349","0.07244415581226349"
"1.6660941257299897","","","","","","","","","","","","","","","","","","","","","","","","","681","681","681","0.38232097029685974","0.38232097029685974","0.38232097029685974","679","679","679","0.0731743797659874","0.0731743797659874","0.0731743797659874"
"1.6832703538302989","","","","","","","","","","","","","","","","","","","","","","","","","688","688","688","0.385414183139801","0.385414183139801","0.385414183139801","686","686","686","0.07229706645011902","0.07229706645011902","0.07229706645011902"
"1.68692070030896","","","","","","","","","","","","","902","902","902","0.4693987965583801","0.4693987965583801","0.4693987965583801","","","","","","","","","","","","","","","","","",""
"1.6870091412385735","","","","","","","","","","","","","","","","","","","902","902","902","0.4011434018611908","0.4011434018611908","0.4011434018611908","","","","","","","","","","","",""
"1.700446581930608","","","","","","","","","","","","","","","","","","","","","","","","","695","695","695","0.3797661364078522","0.3797661364078522","0.3797661364078522","693","693","693","0.07223857939243317","0.07223857939243317","0.07223857939243317"
"1.7032967032967035","3192","3192","3192","0.40039604902267456","0.40039604902267456","0.40039604902267456","3192","3192","3192","0.24215032160282135","0.24215032160282135","0.24215032160282135","","","","","","","","","","","","","","","","","","","","","","","",""
"1.7176228100309172","","","","","","","","","","","","","","","","","","","","","","","","","702","702","702","0.3739178478717804","0.3739178478717804","0.3739178478717804","700","700","700","0.07065262645483017","0.07065262645483017","0.07065262645483017"
"1.7270854788877446","","","","","","","","","","","","","923","923","923","0.4825994670391083","0.4825994670391083","0.4825994670391083","","","","","","","","","","","","","","","","","",""
"1.7271790910261362","","","","","","","","","","","","","","","","","","","923","923","923","0.41164395213127136","0.41164395213127136","0.41164395213127136","","","","","","","","","","","",""
"1.7347990381312264","","","","","","","","","","","","","","","","","","","","","","","","","709","709","709","0.36510565876960754","0.36510565876960754","0.36510565876960754","707","707","707","0.06756234914064407","0.06756234914064407","0.06756234914064407"
"1.7519752662315355","","","","","","","","","","","","","","","","","","","","","","","","","716","716","716","0.36415690183639526","0.36415690183639526","0.36415690183639526","714","714","714","0.06752858310937881","0.06752858310937881","0.06752858310937881"
"1.7582417582417582","3295","3295","3295","0.3973493278026581","0.3973493278026581","0.3973493278026581","3295","3295","3295","0.23997505009174347","0.23997505009174347","0.23997505009174347","","","","","","","","","","","","","","","","","","","","","","","",""
"1.7672502574665292","","","","","","","","","","","","","945","945","945","0.482266366481781","0.482266366481781","0.482266366481781","","","","","","","","","","","","","","","","","",""
"1.767349040813699","","","","","","","","","","","","","","","","","","","945","945","945","0.42936182022094727","0.42936182022094727","0.42936182022094727","","","","","","","","","","","",""
"1.7691514943318447","","","","","","","","","","","","","","","","","","","","","","","","","723","723","723","0.3644556701183319","0.3644556701183319","0.3644556701183319","721","721","721","0.06905514001846313","0.06905514001846313","0.06905514001846313"
"1.7863277224321539","","","","","","","","","","","","","","","","","","","","","","","","","730","730","730","0.36281993985176086","0.36281993985176086","0.36281993985176086","728","728","728","0.06946810334920883","0.06946810334920883","0.06946810334920883"
"1.803503950532463","","","","","","","","","","","","","","","","","","","","","","","","","737","737","737","0.36287054419517517","0.36287054419517517","0.36287054419517517","735","735","735","0.06954558938741684","0.06954558938741684","0.06954558938741684"
"1.807415036045314","","","","","","","","","","","","","966","966","966","0.47923779487609863","0.47923779487609863","0.47923779487609863","","","","","","","","","","","","","","","","","",""
"1.8075189906012619","","","","","","","","","","","","","","","","","","","966","966","966","0.4001770615577698","0.4001770615577698","0.4001770615577698","","","","","","","","","","","",""
"1.8131868131868132","3398","3398","3398","0.39508622884750366","0.39508622884750366","0.39508622884750366","3398","3398","3398","0.23698276281356812","0.23698276281356812","0.23698276281356812","","","","","","","","","","","","","","","","","","","","","","","",""
"1.8206801786327722","","","","","","","","","","","","","","","","","","","","","","","","","744","744","744","0.3618597090244293","0.3618597090244293","0.3618597090244293","742","742","742","0.06756199896335602","0.06756199896335602","0.06756199896335602"
"1.8378564067330814","","","","","","","","","","","","","","","","","","","","","","","","","751","751","751","0.35666683316230774","0.35666683316230774","0.35666683316230774","749","749","749","0.06614969670772552","0.06614969670772552","0.06614969670772552"
"1.847579814624099","","","","","","","","","","","","","988","988","988","0.4913259744644165","0.4913259744644165","0.4913259744644165","","","","","","","","","","","","","","","","","",""
"1.8476889403888244","","","","","","","","","","","","","","","","","","","988","988","988","0.41304445266723633","0.41304445266723633","0.41304445266723633","","","","","","","","","","","",""
"1.8550326348333905","","","","","","","","","","","","","","","","","","","","","","","","","758","758","758","0.3533819317817688","0.3533819317817688","0.3533819317817688","756","756","756","0.06527652591466904","0.06527652591466904","0.06527652591466904"
"1.8681318681318682","3501","3501","3501","0.3937810957431793","0.3937810957431793","0.3937810957431793","3501","3501","3501","0.2363767921924591","0.2363767921924591","0.2363767921924591","","","","","","","","","","","","","","","","","","","","","","","",""
"1.8722088629336997","","","","","","","","","","","","","","","","","","","","","","","","","765","765","765","0.3544744551181793","0.3544744551181793","0.3544744551181793","763","763","763","0.06537667661905289","0.06537667661905289","0.06537667661905289"
"1.8877445932028838","","","","","","","","","","","","","1009","1009","1009","0.4473404288291931","0.4473404288291931","0.4473404288291931","","","","","","","","","","","","","","","","","",""
"1.8878588901763873","","","","","","","","","","","","","","","","","","","1009","1009","1009","0.4149628281593323","0.4149628281593323","0.4149628281593323","","","","","","","","","","","",""
"1.889385091034009","","","","","","","","","","","","","","","","","","","","","","","","","772","772","772","0.35264360904693604","0.35264360904693604","0.35264360904693604","770","770","770","0.06510258466005325","0.06510258466005325","0.06510258466005325"
"1.906561319134318","","","","","","","","","","","","","","","","","","","","","","","","","779","779","779","0.3526567816734314","0.3526567816734314","0.3526567816734314","777","777","777","0.06529340893030167","0.06529340893030167","0.06529340893030167"
"1.9230769230769231","3604","3604","3604","0.3899599313735962","0.3899599313735962","0.3899599313735962","3604","3604","3604","0.23477959632873535","0.23477959632873535","0.23477959632873535","","","","","","","","","","","","","","","","","","","","","","","",""
"1.9237375472346274","","","","","","","","","","","","","","","","","","","","","","","","","786","786","786","0.3535352945327759","0.3535352945327759","0.3535352945327759","784","784","784","0.0657278448343277","0.0657278448343277","0.0657278448343277"
"1.9279093717816684","","","","","","","","","","","","","1031","1031","1031","0.46006107330322266","0.46006107330322266","0.46006107330322266","","","","","","","","","","","","","","","","","",""
"1.92802883996395","","","","","","","","","","","","","","","","","","","1031","1031","1031","0.39789220690727234","0.39789220690727234","0.39789220690727234","","","","","","","","","","","",""
"1.9409137753349364","","","","","","","","","","","","","","","","","","","","","","","","","793","793","793","0.3516353964805603","0.3516353964805603","0.3516353964805603","791","791","791","0.06554881483316422","0.06554881483316422","0.06554881483316422"
"1.9580900034352458","","","","","","","","","","","","","","","","","","","","","","","","","800","800","800","0.34936732053756714","0.34936732053756714","0.34936732053756714","798","798","798","0.06513381004333496","0.06513381004333496","0.06513381004333496"
"1.968074150360453","","","","","","","","","","","","","1052","1052","1052","0.4556978940963745","0.4556978940963745","0.4556978940963745","","","","","","","","","","","","","","","","","",""
"1.9681987897515127","","","","","","","","","","","","","","","","","","","1052","1052","1052","0.40253013372421265","0.40253013372421265","0.40253013372421265","","","","","","","","","","","",""
"1.9752662315355547","","","","","","","","","","","","","","","","","","","","","","","","","807","807","807","0.3487347662448883","0.3487347662448883","0.3487347662448883","805","805","805","0.065018430352211","0.065018430352211","0.065018430352211"
"1.978021978021978","3707","3707","3707","0.38931161165237427","0.38931161165237427","0.38931161165237427","3707","3707","3707","0.2350691258907318","0.2350691258907318","0.2350691258907318","","","","","","","","","","","","","","","","","","","","","","","",""
"1.992442459635864","","","","","","","","","","","","","","","","","","","","","","","","","814","814","814","0.34785550832748413","0.34785550832748413","0.34785550832748413","812","812","812","0.06477875262498856","0.06477875262498856","0.06477875262498856"
